business_name,city,state,latitude,longitude,user_name,date
Nori Japan,Toronto,ON,43.647263,-79.3786,Jenny,4.0,2018-07-21 23:02:34
Nori Japan,Toronto,ON,43.647263,-79.3786,Annie,1.0,2018-09-12 21:24:08
Nori Japan,Toronto,ON,43.647263,-79.3786,Edwin,2.0,2018-04-14 16:54:08
Mahar Restaurant Incorp,Toronto,ON,43.6722,-79.32326,Arun,3.0,2010-11-28 02:38:19
Mahar Restaurant Incorp,Toronto,ON,43.6722,-79.32326,Craig,5.0,2011-09-30 22:08:06
Mahar Restaurant Incorp,Toronto,ON,43.6722,-79.32326,Smruti,1.0,2012-07-01 02:39:47
Mahar Restaurant Incorp,Toronto,ON,43.6722,-79.32326,Jeff,3.0,2013-05-02 02:51:04
Mahar Restaurant Incorp,Toronto,ON,43.6722,-79.32326,Ayesha,3.0,2011-05-08 22:17:33
Mahar Restaurant Incorp,Toronto,ON,43.6722,-79.32326,Geoffrey,3.0,2010-01-18 05:43:47
Mahar Restaurant Incorp,Toronto,ON,43.6722,-79.32326,Harold,4.0,2009-05-22 02:08:52
Mahar Restaurant Incorp,Toronto,ON,43.6722,-79.32326,Nicola,5.0,2016-01-28 22:00:12
Mahar Restaurant Incorp,Toronto,ON,43.6722,-79.32326,Jonathan,3.0,2010-03-25 19:34:05
Quik Sushi,Toronto,ON,43.64905,-79.37177,Ernst,1.0,2015-11-11 19:38:09
Quik Sushi,Toronto,ON,43.64905,-79.37177,Robin,1.0,2011-02-18 00:07:31
Quik Sushi,Toronto,ON,43.64905,-79.37177,Elvis,4.0,2012-11-08 20:36:30
Quik Sushi,Toronto,ON,43.64905,-79.37177,Harry,3.0,2016-11-27 01:13:22
Quik Sushi,Toronto,ON,43.64905,-79.37177,Eric,4.0,2016-10-08 01:56:42
Quik Sushi,Toronto,ON,43.64905,-79.37177,Alicia,1.0,2016-10-25 17:13:27
Quik Sushi,Toronto,ON,43.64905,-79.37177,Blake,4.0,2017-08-09 22:25:51
Myato Gastropub,Toronto,ON,43.66519,-79.410194,Catherine,4.0,2018-11-10 18:45:37
Myato Gastropub,Toronto,ON,43.66519,-79.410194,Tenzin,5.0,2018-10-20 00:31:21
Myato Gastropub,Toronto,ON,43.66519,-79.410194,Utura,5.0,2018-11-13 02:26:04
Myato Gastropub,Toronto,ON,43.66519,-79.410194,Lily,5.0,2018-10-11 22:47:07
Myato Gastropub,Toronto,ON,43.66519,-79.410194,Ryan,5.0,2018-11-13 03:45:20
Myato Gastropub,Toronto,ON,43.66519,-79.410194,Kelsey,5.0,2018-11-12 02:20:31
Myato Gastropub,Toronto,ON,43.66519,-79.410194,Ali,4.0,2018-10-30 23:44:43
Myato Gastropub,Toronto,ON,43.66519,-79.410194,Claire,5.0,2018-10-27 17:11:29
Myato Gastropub,Toronto,ON,43.66519,-79.410194,Shar,4.0,2018-10-15 18:23:47
Myato Gastropub,Toronto,ON,43.66519,-79.410194,Zak,5.0,2018-10-05 13:09:05
Myato Gastropub,Toronto,ON,43.66519,-79.410194,Mary,4.0,2018-10-14 17:33:12
Taiyaki NYC - Toronto,Toronto,ON,43.65573,-79.38459,Shaina,3.0,2018-11-04 03:18:20
Taiyaki NYC - Toronto,Toronto,ON,43.65573,-79.38459,Amie,5.0,2018-11-14 06:30:15
Taiyaki NYC - Toronto,Toronto,ON,43.65573,-79.38459,Shaan,5.0,2018-10-22 03:37:29
Taiyaki NYC - Toronto,Toronto,ON,43.65573,-79.38459,Nishita,5.0,2018-11-12 22:24:28
Taiyaki NYC - Toronto,Toronto,ON,43.65573,-79.38459,Cathy,4.0,2018-10-28 16:12:59
Taiyaki NYC - Toronto,Toronto,ON,43.65573,-79.38459,Vanessa,3.0,2018-11-10 19:40:21
Taiyaki NYC - Toronto,Toronto,ON,43.65573,-79.38459,Jennifer,4.0,2018-10-22 04:12:14
Taiyaki NYC - Toronto,Toronto,ON,43.65573,-79.38459,Kk,5.0,2018-10-25 18:41:58
Taiyaki NYC - Toronto,Toronto,ON,43.65573,-79.38459,Geraldine,5.0,2018-10-25 18:54:37
Taiyaki NYC - Toronto,Toronto,ON,43.65573,-79.38459,Wendy,3.0,2018-10-27 17:28:46
Taiyaki NYC - Toronto,Toronto,ON,43.65573,-79.38459,Fung Shun Yat,5.0,2018-11-14 04:15:34
Taiyaki NYC - Toronto,Toronto,ON,43.65573,-79.38459,Jenny,5.0,2018-10-22 15:19:23
Taiyaki NYC - Toronto,Toronto,ON,43.65573,-79.38459,Carmen,4.0,2018-11-05 18:25:27
Taiyaki NYC - Toronto,Toronto,ON,43.65573,-79.38459,Aiden,2.0,2018-10-23 00:59:20
Taiyaki NYC - Toronto,Toronto,ON,43.65573,-79.38459,Janice,4.0,2018-11-09 06:19:59
Taiyaki NYC - Toronto,Toronto,ON,43.65573,-79.38459,Salina,2.0,2018-10-22 07:15:57
Taiyaki NYC - Toronto,Toronto,ON,43.65573,-79.38459,Brendan,5.0,2018-11-14 07:49:36
Taiyaki NYC - Toronto,Toronto,ON,43.65573,-79.38459,Amy,4.0,2018-10-31 17:25:00
Taiyaki NYC - Toronto,Toronto,ON,43.65573,-79.38459,Catherine,5.0,2018-10-18 18:57:10
Taiyaki NYC - Toronto,Toronto,ON,43.65573,-79.38459,Ghifi Reviewer,5.0,2018-10-29 17:33:58
Taiyaki NYC - Toronto,Toronto,ON,43.65573,-79.38459,Kerry,5.0,2018-10-29 21:59:28
Taiyaki NYC - Toronto,Toronto,ON,43.65573,-79.38459,Stella,5.0,2018-10-19 02:39:50
Taiyaki NYC - Toronto,Toronto,ON,43.65573,-79.38459,Karen,3.0,2018-11-13 13:41:44
Taiyaki NYC - Toronto,Toronto,ON,43.65573,-79.38459,Kevin,5.0,2018-11-13 20:11:16
Taiyaki NYC - Toronto,Toronto,ON,43.65573,-79.38459,Eryn,2.0,2018-11-08 00:54:50
Taiyaki NYC - Toronto,Toronto,ON,43.65573,-79.38459,Linda,5.0,2018-10-21 03:55:10
Taiyaki NYC - Toronto,Toronto,ON,43.65573,-79.38459,Angie,5.0,2018-11-07 16:48:46
Taiyaki NYC - Toronto,Toronto,ON,43.65573,-79.38459,Giang,5.0,2018-11-03 03:04:55
Taiyaki NYC - Toronto,Toronto,ON,43.65573,-79.38459,Gladys,3.0,2018-10-28 20:20:17
Taiyaki NYC - Toronto,Toronto,ON,43.65573,-79.38459,HI,5.0,2018-11-14 04:00:17
Taiyaki NYC - Toronto,Toronto,ON,43.65573,-79.38459,Elaine,3.0,2018-11-09 01:16:50
Taiyaki NYC - Toronto,Toronto,ON,43.65573,-79.38459,Kathy,3.0,2018-10-29 18:42:45
Taiyaki NYC - Toronto,Toronto,ON,43.65573,-79.38459,Emily,5.0,2018-10-25 19:01:02
Taiyaki NYC - Toronto,Toronto,ON,43.65573,-79.38459,Wendy,4.0,2018-10-25 20:45:56
Taiyaki NYC - Toronto,Toronto,ON,43.65573,-79.38459,Victor,4.0,2018-10-25 01:41:33
Taiyaki NYC - Toronto,Toronto,ON,43.65573,-79.38459,Kristiee,1.0,2018-10-30 21:59:03
Taiyaki NYC - Toronto,Toronto,ON,43.65573,-79.38459,Matt,5.0,2018-10-22 17:46:44
Taiyaki NYC - Toronto,Toronto,ON,43.65573,-79.38459,Amelia,2.0,2018-10-20 20:24:00
Taiyaki NYC - Toronto,Toronto,ON,43.65573,-79.38459,Erica,5.0,2018-11-05 06:30:02
Taiyaki NYC - Toronto,Toronto,ON,43.65573,-79.38459,Clea,4.0,2018-10-25 22:30:28
Taiyaki NYC - Toronto,Toronto,ON,43.65573,-79.38459,Winbin,5.0,2018-10-23 06:07:11
Taiyaki NYC - Toronto,Toronto,ON,43.65573,-79.38459,Dorna,2.0,2018-10-26 13:38:38
Taiyaki NYC - Toronto,Toronto,ON,43.65573,-79.38459,Amelia,3.0,2018-10-25 17:18:05
Taiyaki NYC - Toronto,Toronto,ON,43.65573,-79.38459,Fred,4.0,2018-10-19 17:26:24
Taiyaki NYC - Toronto,Toronto,ON,43.65573,-79.38459,Sue A.,1.0,2018-10-22 23:57:33
Taiyaki NYC - Toronto,Toronto,ON,43.65573,-79.38459,Angela,5.0,2018-11-01 09:27:55
Taiyaki NYC - Toronto,Toronto,ON,43.65573,-79.38459,Zhihan,3.0,2018-10-23 03:38:56
Taiyaki NYC - Toronto,Toronto,ON,43.65573,-79.38459,Maria,2.0,2018-10-26 02:25:50
Taiyaki NYC - Toronto,Toronto,ON,43.65573,-79.38459,Jessica,3.0,2018-10-30 12:29:03
Taiyaki NYC - Toronto,Toronto,ON,43.65573,-79.38459,Elise,5.0,2018-10-27 16:41:58
Taiyaki NYC - Toronto,Toronto,ON,43.65573,-79.38459,Niki,5.0,2018-11-09 01:25:07
Taiyaki NYC - Toronto,Toronto,ON,43.65573,-79.38459,Alvin,5.0,2018-11-11 00:16:30
Taiyaki NYC - Toronto,Toronto,ON,43.65573,-79.38459,Ayu,3.0,2018-11-05 03:19:16
Taiyaki NYC - Toronto,Toronto,ON,43.65573,-79.38459,Kervin,3.0,2018-10-31 05:02:38
Taiyaki NYC - Toronto,Toronto,ON,43.65573,-79.38459,Virginia,2.0,2018-10-26 15:27:41
Eggspectation Bloor,Toronto,ON,43.671803,-79.37871,James,4.0,2018-08-31 18:19:39
Eggspectation Bloor,Toronto,ON,43.671803,-79.37871,Tom,2.0,2018-09-28 13:21:33
Eggspectation Bloor,Toronto,ON,43.671803,-79.37871,Debra,2.0,2018-10-03 23:07:03
Eggspectation Bloor,Toronto,ON,43.671803,-79.37871,Chelo,2.0,2018-09-02 14:52:11
Eggspectation Bloor,Toronto,ON,43.671803,-79.37871,Sharon,1.0,2018-10-26 18:51:50
Eggspectation Bloor,Toronto,ON,43.671803,-79.37871,Brianne,2.0,2018-09-09 17:44:07
Eggspectation Bloor,Toronto,ON,43.671803,-79.37871,Michael,2.0,2018-09-13 17:03:57
Eggspectation Bloor,Toronto,ON,43.671803,-79.37871,Pengcheng,1.0,2018-08-24 13:00:28
Mr. Greek,Toronto,ON,43.769344,-79.46845,Rosie,2.0,2017-11-02 17:28:17
Mr. Greek,Toronto,ON,43.769344,-79.46845,Mike,1.0,2017-05-14 19:25:17
Mr. Greek,Toronto,ON,43.769344,-79.46845,Healthy,1.0,2018-03-07 00:36:42
Mr. Greek,Toronto,ON,43.769344,-79.46845,Marva,1.0,2018-07-02 10:52:55
Mr. Greek,Toronto,ON,43.769344,-79.46845,Sherry,1.0,2016-03-09 17:30:47
Mr. Greek,Toronto,ON,43.769344,-79.46845,Mike,4.0,2017-06-16 11:31:47
Mr. Greek,Toronto,ON,43.769344,-79.46845,Maya,3.0,2017-07-28 18:51:23
Pop-Up On River,Toronto,ON,43.6609,-79.35779,Loretta,4.0,2016-02-05 17:53:38
Pop-Up On River,Toronto,ON,43.6609,-79.35779,Cherrie,4.0,2015-10-05 00:30:38
Pop-Up On River,Toronto,ON,43.6609,-79.35779,Raymond,3.0,2018-07-17 17:53:35
Pop-Up On River,Toronto,ON,43.6609,-79.35779,Malik,5.0,2015-06-29 21:15:17
Indus Junction,Toronto,ON,43.64609,-79.409004,Rachel,5.0,2010-04-16 08:49:02
Indus Junction,Toronto,ON,43.64609,-79.409004,Rachel,5.0,2009-10-06 15:15:55
Indus Junction,Toronto,ON,43.64609,-79.409004,Richard,5.0,2008-10-06 14:36:52
Indus Junction,Toronto,ON,43.64609,-79.409004,Rob,3.0,2009-07-12 03:19:31
Ing's Thai Bowl,Toronto,ON,43.646732,-79.38395,Robin,2.0,2010-10-22 02:22:38
Ing's Thai Bowl,Toronto,ON,43.646732,-79.38395,Darren,4.0,2014-03-21 04:39:50
Ing's Thai Bowl,Toronto,ON,43.646732,-79.38395,Kedi,5.0,2011-08-17 20:43:45
Papa John's,Toronto,ON,43.709602,-79.24937,Ghanshyam,1.0,2017-07-21 04:37:25
Papa John's,Toronto,ON,43.709602,-79.24937,Samantha,5.0,2017-09-28 17:33:50
Papa John's,Toronto,ON,43.709602,-79.24937,Bryce,3.0,2017-12-04 00:15:51
Motherhome Myanmar Cuisine,Toronto,ON,43.65942,-79.438,WaYnE,2.0,2011-10-08 04:57:35
Motherhome Myanmar Cuisine,Toronto,ON,43.65942,-79.438,Ada,4.0,2011-12-10 01:19:12
Motherhome Myanmar Cuisine,Toronto,ON,43.65942,-79.438,Jennifer,3.0,2011-09-29 06:36:23
Motherhome Myanmar Cuisine,Toronto,ON,43.65942,-79.438,Luke,3.0,2011-10-26 23:57:06
Potato Noodle Soup of Bai,Toronto,ON,43.779694,-79.41508,Imelda,5.0,2018-11-08 02:00:22
Potato Noodle Soup of Bai,Toronto,ON,43.779694,-79.41508,Grace,1.0,2018-07-28 02:33:11
Potato Noodle Soup of Bai,Toronto,ON,43.779694,-79.41508,Brenda,2.0,2018-07-13 22:41:56
Potato Noodle Soup of Bai,Toronto,ON,43.779694,-79.41508,Jamie,4.0,2018-07-23 16:29:22
Potato Noodle Soup of Bai,Toronto,ON,43.779694,-79.41508,Karen,1.0,2018-09-15 04:15:42
Potato Noodle Soup of Bai,Toronto,ON,43.779694,-79.41508,Tiger,3.0,2018-10-01 20:43:58
Potato Noodle Soup of Bai,Toronto,ON,43.779694,-79.41508,Lauretta,3.0,2018-07-18 00:05:15
Potato Noodle Soup of Bai,Toronto,ON,43.779694,-79.41508,Michael,4.0,2018-10-12 19:51:10
Kkorae,Toronto,ON,43.779785,-79.415375,Ian,5.0,2016-08-25 18:54:18
Kkorae,Toronto,ON,43.779785,-79.415375,Amy,2.0,2015-08-27 15:40:52
Kkorae,Toronto,ON,43.779785,-79.415375,Kyoung Soon,5.0,2015-02-15 22:58:28
Wanda's Belgian Waffles,Toronto,ON,43.666325,-79.384964,Lauren,2.0,2016-02-13 22:44:41
Wanda's Belgian Waffles,Toronto,ON,43.666325,-79.384964,Bryce,3.0,2015-11-07 17:48:31
Wanda's Belgian Waffles,Toronto,ON,43.666325,-79.384964,Deeanna,3.0,2015-12-19 13:11:19
Wanda's Belgian Waffles,Toronto,ON,43.666325,-79.384964,Mia,2.0,2015-11-15 17:18:27
Koryo Korean BBQ,Toronto,ON,43.654064,-79.3807,Debbie,1.0,2018-02-14 01:11:32
Koryo Korean BBQ,Toronto,ON,43.654064,-79.3807,Steven,4.0,2018-05-30 18:59:47
Koryo Korean BBQ,Toronto,ON,43.654064,-79.3807,Harry,4.0,2018-09-10 19:59:51
Koryo Korean BBQ,Toronto,ON,43.654064,-79.3807,Jacqueline,4.0,2018-06-03 22:40:51
Koryo Korean BBQ,Toronto,ON,43.654064,-79.3807,Hazel,4.0,2018-01-07 18:58:39
Four Four South VIllage,Toronto,ON,43.662357,-79.38374,Hareluya,2.0,2018-08-20 19:02:42
Four Four South VIllage,Toronto,ON,43.662357,-79.38374,Yang,5.0,2018-08-24 02:44:46
Four Four South VIllage,Toronto,ON,43.662357,-79.38374,Dora,3.0,2018-08-23 20:20:53
Four Four South VIllage,Toronto,ON,43.662357,-79.38374,Song,4.0,2018-11-06 04:04:00
Four Four South VIllage,Toronto,ON,43.662357,-79.38374,David,4.0,2018-09-01 02:10:02
Four Four South VIllage,Toronto,ON,43.662357,-79.38374,Jessie,1.0,2018-08-21 01:58:36
Four Four South VIllage,Toronto,ON,43.662357,-79.38374,David,4.0,2018-10-31 13:08:33
Four Four South VIllage,Toronto,ON,43.662357,-79.38374,Camilla,5.0,2018-08-19 21:40:41
Four Four South VIllage,Toronto,ON,43.662357,-79.38374,Cara,4.0,2018-08-21 14:50:37
Four Four South VIllage,Toronto,ON,43.662357,-79.38374,Myrel,3.0,2018-09-24 23:01:13
Four Four South VIllage,Toronto,ON,43.662357,-79.38374,Tim,2.0,2018-08-29 23:04:31
Four Four South VIllage,Toronto,ON,43.662357,-79.38374,Lilian,1.0,2018-08-24 16:19:01
Four Four South VIllage,Toronto,ON,43.662357,-79.38374,Tansy,2.0,2018-08-17 22:31:59
Four Four South VIllage,Toronto,ON,43.662357,-79.38374,Matthew,2.0,2018-09-27 02:54:42
Four Four South VIllage,Toronto,ON,43.662357,-79.38374,Eileen,2.0,2018-08-19 02:58:41
Four Four South VIllage,Toronto,ON,43.662357,-79.38374,Khai,3.0,2018-10-01 03:08:54
Four Four South VIllage,Toronto,ON,43.662357,-79.38374,Dennis,3.0,2018-09-09 23:58:56
Four Four South VIllage,Toronto,ON,43.662357,-79.38374,Cherry,5.0,2018-09-22 03:53:56
Four Four South VIllage,Toronto,ON,43.662357,-79.38374,John,1.0,2018-08-28 03:09:33
Four Four South VIllage,Toronto,ON,43.662357,-79.38374,Diana,3.0,2018-08-22 17:29:37
Four Four South VIllage,Toronto,ON,43.662357,-79.38374,Linda,3.0,2018-08-19 22:46:40
Four Four South VIllage,Toronto,ON,43.662357,-79.38374,Ruohan,3.0,2018-09-07 04:01:33
Four Four South VIllage,Toronto,ON,43.662357,-79.38374,Nini,1.0,2018-08-18 02:22:06
Four Four South VIllage,Toronto,ON,43.662357,-79.38374,Winnie,1.0,2018-08-21 00:29:10
Four Four South VIllage,Toronto,ON,43.662357,-79.38374,Ian,4.0,2018-08-31 18:03:23
Four Four South VIllage,Toronto,ON,43.662357,-79.38374,Maberry,4.0,2018-09-14 22:59:47
Four Four South VIllage,Toronto,ON,43.662357,-79.38374,Marco,3.0,2018-08-27 19:57:32
Four Four South VIllage,Toronto,ON,43.662357,-79.38374,Julie,5.0,2018-11-11 18:24:47
Four Four South VIllage,Toronto,ON,43.662357,-79.38374,Raya,3.0,2018-10-14 04:27:53
Four Four South VIllage,Toronto,ON,43.662357,-79.38374,Utura,5.0,2018-09-02 15:43:15
Four Four South VIllage,Toronto,ON,43.662357,-79.38374,Elisa,4.0,2018-10-08 22:26:01
Four Four South VIllage,Toronto,ON,43.662357,-79.38374,Christina,3.0,2018-08-17 22:52:45
Four Four South VIllage,Toronto,ON,43.662357,-79.38374,Elisa,4.0,2018-10-11 13:59:59
Four Four South VIllage,Toronto,ON,43.662357,-79.38374,Cameron,4.0,2018-11-11 03:37:13
Four Four South VIllage,Toronto,ON,43.662357,-79.38374,Ashley,4.0,2018-08-21 23:53:24
Four Four South VIllage,Toronto,ON,43.662357,-79.38374,Winnie,1.0,2018-08-18 00:45:16
Four Four South VIllage,Toronto,ON,43.662357,-79.38374,Kin,2.0,2018-08-23 00:50:18
Four Four South VIllage,Toronto,ON,43.662357,-79.38374,Robert,3.0,2018-09-03 16:51:02
Four Four South VIllage,Toronto,ON,43.662357,-79.38374,Eric,2.0,2018-10-04 15:12:03
Four Four South VIllage,Toronto,ON,43.662357,-79.38374,Alan,3.0,2018-09-13 01:41:16
Four Four South VIllage,Toronto,ON,43.662357,-79.38374,J,4.0,2018-10-24 20:56:47
Four Four South VIllage,Toronto,ON,43.662357,-79.38374,Michael,1.0,2018-10-06 18:46:10
Four Four South VIllage,Toronto,ON,43.662357,-79.38374,Michael,2.0,2018-08-22 05:45:35
Four Four South VIllage,Toronto,ON,43.662357,-79.38374,Una,3.0,2018-10-09 06:01:10
Four Four South VIllage,Toronto,ON,43.662357,-79.38374,Ivan,3.0,2018-09-18 17:39:18
Element Lounge and Restaurant,Toronto,ON,43.757248,-79.52799,Frances,4.0,2014-01-13 02:19:36
Element Lounge and Restaurant,Toronto,ON,43.757248,-79.52799,Pat,2.0,2016-02-01 02:13:50
Element Lounge and Restaurant,Toronto,ON,43.757248,-79.52799,Mike,1.0,2018-09-25 22:21:57
IPho Vietnamese Cuisine,Toronto,ON,43.679806,-79.34135,Chris,3.0,2012-08-18 05:34:53
IPho Vietnamese Cuisine,Toronto,ON,43.679806,-79.34135,Annie,3.0,2012-02-20 18:16:32
IPho Vietnamese Cuisine,Toronto,ON,43.679806,-79.34135,Chris,4.0,2013-03-29 18:25:38
Popeyes Chicken,Toronto,ON,43.762493,-79.41028,D,3.0,2018-09-07 23:50:32
Popeyes Chicken,Toronto,ON,43.762493,-79.41028,Ron,1.0,2018-08-02 16:54:28
Popeyes Chicken,Toronto,ON,43.762493,-79.41028,Kobe,1.0,2018-10-31 21:09:52
Ginger,Toronto,ON,43.669994,-79.30017,Jennifer,2.0,2011-06-07 15:41:06
Ginger,Toronto,ON,43.669994,-79.30017,Tong,3.0,2010-08-17 23:57:39
Ginger,Toronto,ON,43.669994,-79.30017,Howie,1.0,2011-01-15 05:51:27
Helena's Chinese Restaurant & Tavern,Toronto,ON,43.805958,-79.38397,Ariel,3.0,2011-12-19 21:54:18
Helena's Chinese Restaurant & Tavern,Toronto,ON,43.805958,-79.38397,Ariel,4.0,2009-06-16 17:46:48
Helena's Chinese Restaurant & Tavern,Toronto,ON,43.805958,-79.38397,Melissa,5.0,2009-03-19 20:24:21
Helena's Chinese Restaurant & Tavern,Toronto,ON,43.805958,-79.38397,Jill,3.0,2011-12-11 14:39:39
Orchid Cafe,Toronto,ON,43.690662,-79.576065,Jill,1.0,2012-02-26 14:42:08
Orchid Cafe,Toronto,ON,43.690662,-79.576065,Phillip,3.0,2017-04-30 02:01:26
Orchid Cafe,Toronto,ON,43.690662,-79.576065,Joley,3.0,2017-02-13 11:12:45
Fresh Wood Grill,Toronto,ON,43.59241,-79.541855,Tina,3.0,2010-07-02 20:06:12
Fresh Wood Grill,Toronto,ON,43.59241,-79.541855,Joy,1.0,2010-07-20 19:23:52
Fresh Wood Grill,Toronto,ON,43.59241,-79.541855,Brenda,3.0,2009-04-21 16:19:53
Gyoko Sushi & Bar,Toronto,ON,43.685863,-79.311195,Yulia,5.0,2018-08-24 18:34:56
Gyoko Sushi & Bar,Toronto,ON,43.685863,-79.311195,Amie,4.0,2018-10-03 20:58:34
Gyoko Sushi & Bar,Toronto,ON,43.685863,-79.311195,louie,5.0,2018-11-11 20:33:03
Gyoko Sushi & Bar,Toronto,ON,43.685863,-79.311195,Mark,5.0,2018-10-20 17:35:15
Gyoko Sushi & Bar,Toronto,ON,43.685863,-79.311195,Mallory,5.0,2018-10-12 22:07:18
Frank's on Kipling,Toronto,ON,43.63295,-79.531624,Samantha,5.0,2014-07-16 14:57:46
Frank's on Kipling,Toronto,ON,43.63295,-79.531624,Darija,1.0,2014-07-15 22:24:10
Frank's on Kipling,Toronto,ON,43.63295,-79.531624,Caitlin,5.0,2013-08-18 06:06:39
Wing Machine,Toronto,ON,43.681423,-79.33328,Greet,1.0,2014-03-08 23:06:50
Wing Machine,Toronto,ON,43.681423,-79.33328,Samantha,1.0,2017-11-27 03:48:08
Wing Machine,Toronto,ON,43.681423,-79.33328,Kyra,1.0,2017-03-21 20:23:00
Wing Machine,Toronto,ON,43.681423,-79.33328,Shawn,5.0,2012-02-12 00:03:33
Wing Machine,Toronto,ON,43.681423,-79.33328,Joe,1.0,2016-12-23 23:38:32
Wing Machine,Toronto,ON,43.681423,-79.33328,Koz,4.0,2010-12-29 04:20:00
Wing Machine,Toronto,ON,43.681423,-79.33328,Brad,1.0,2017-03-07 02:53:42
Wing Machine,Toronto,ON,43.681423,-79.33328,Brad,1.0,2017-03-09 18:19:04
Wing Machine,Toronto,ON,43.681423,-79.33328,Laura,1.0,2014-09-30 20:48:35
Asian Kitchen,Toronto,ON,43.82206,-79.29859,Phillip,2.0,2013-05-27 12:55:45
Asian Kitchen,Toronto,ON,43.82206,-79.29859,Jennifer,3.0,2012-07-06 00:25:18
Asian Kitchen,Toronto,ON,43.82206,-79.29859,Joanne,3.0,2015-07-30 02:50:15
Market@416,Toronto,ON,43.631813,-79.39785,Wendy,1.0,2018-10-25 19:11:42
Market@416,Toronto,ON,43.631813,-79.39785,Jason,1.0,2018-11-11 21:10:12
Market@416,Toronto,ON,43.631813,-79.39785,Dan,1.0,2018-10-26 18:37:07
Churrasqueira Praia Da Vagueira,Toronto,ON,43.678944,-79.474014,Vanessa,2.0,2018-02-23 22:15:50
Churrasqueira Praia Da Vagueira,Toronto,ON,43.678944,-79.474014,Joe,2.0,2016-03-21 00:02:26
Churrasqueira Praia Da Vagueira,Toronto,ON,43.678944,-79.474014,Amanda,3.0,2018-04-17 13:21:43
MAIZ,Toronto,ON,43.665344,-79.466156,James,5.0,2018-11-02 23:00:31
MAIZ,Toronto,ON,43.665344,-79.466156,John,3.0,2018-10-07 17:02:32
MAIZ,Toronto,ON,43.665344,-79.466156,Katie,4.0,2018-10-25 01:09:24
MAIZ,Toronto,ON,43.665344,-79.466156,Amanda,4.0,2018-09-24 13:59:54
Sticky Rice Kitchen & Bar,Toronto,ON,43.672497,-79.31996,Kathy,5.0,2018-08-17 19:04:48
Sticky Rice Kitchen & Bar,Toronto,ON,43.672497,-79.31996,Megan Darcy,4.0,2018-08-02 18:54:28
Sticky Rice Kitchen & Bar,Toronto,ON,43.672497,-79.31996,Krystal,4.0,2018-10-01 23:15:01
DaiLo,Toronto,ON,43.650352,-79.3838,Marvin,4.0,2018-10-21 06:35:27
DaiLo,Toronto,ON,43.650352,-79.3838,Nimixh,4.0,2018-03-08 17:46:55
DaiLo,Toronto,ON,43.650352,-79.3838,Mabel,3.0,2018-07-13 23:13:49
DaiLo,Toronto,ON,43.650352,-79.3838,Larie,3.0,2018-04-14 02:57:07
Copenhagen Vegan Cafe & Bakery,Toronto,ON,43.64191,-79.43106,Lorraine,5.0,2018-11-05 06:21:56
Copenhagen Vegan Cafe & Bakery,Toronto,ON,43.64191,-79.43106,Joanne,5.0,2018-10-12 02:36:35
Copenhagen Vegan Cafe & Bakery,Toronto,ON,43.64191,-79.43106,Lierh,5.0,2018-10-12 19:21:07
Copenhagen Vegan Cafe & Bakery,Toronto,ON,43.64191,-79.43106,Mandeep,5.0,2018-10-11 15:14:41
Copenhagen Vegan Cafe & Bakery,Toronto,ON,43.64191,-79.43106,Mike,2.0,2018-11-10 18:18:30
Copenhagen Vegan Cafe & Bakery,Toronto,ON,43.64191,-79.43106,Ayad,5.0,2018-09-17 21:51:21
Copenhagen Vegan Cafe & Bakery,Toronto,ON,43.64191,-79.43106,Chris,5.0,2018-09-28 23:31:23
Copenhagen Vegan Cafe & Bakery,Toronto,ON,43.64191,-79.43106,Alexandra,5.0,2018-10-17 16:12:28
Paul's Tomato Pie,Toronto,ON,43.706173,-79.44241,Jonathan,4.0,2013-12-30 16:38:04
Paul's Tomato Pie,Toronto,ON,43.706173,-79.44241,Lucus,4.0,2013-11-02 18:24:41
Paul's Tomato Pie,Toronto,ON,43.706173,-79.44241,Josefa,4.0,2011-06-15 16:52:10
Paul's Tomato Pie,Toronto,ON,43.706173,-79.44241,Raf,4.0,2012-01-16 12:37:23
Indilicious,Toronto,ON,43.66572,-79.48201,Paul,1.0,2018-08-19 19:06:25
Indilicious,Toronto,ON,43.66572,-79.48201,Ad,4.0,2018-07-26 02:21:15
Indilicious,Toronto,ON,43.66572,-79.48201,Elle,5.0,2018-09-07 14:14:13
Indilicious,Toronto,ON,43.66572,-79.48201,Geoff,5.0,2018-08-12 01:19:02
Starving Artist,Toronto,ON,43.677742,-79.35001,Mere,2.0,2018-09-29 16:42:45
Starving Artist,Toronto,ON,43.677742,-79.35001,Abigale,3.0,2018-10-14 19:06:51
Starving Artist,Toronto,ON,43.677742,-79.35001,Jon,1.0,2018-10-10 17:33:00
Liuyishou Hotpot Scarborough,Toronto,ON,43.80414,-79.28717,April,5.0,2017-04-12 17:07:10
Liuyishou Hotpot Scarborough,Toronto,ON,43.80414,-79.28717,Fantine,5.0,2017-04-19 19:32:22
Liuyishou Hotpot Scarborough,Toronto,ON,43.80414,-79.28717,Michelle,1.0,2017-05-05 00:02:33
Liuyishou Hotpot Scarborough,Toronto,ON,43.80414,-79.28717,Jianjiang,5.0,2017-08-07 14:45:11
Liuyishou Hotpot Scarborough,Toronto,ON,43.80414,-79.28717,Iris Eunice,4.0,2018-07-23 02:52:54
Adam's Halal Pub,Toronto,ON,43.73653,-79.3083,Anne,5.0,2018-09-10 01:27:17
Adam's Halal Pub,Toronto,ON,43.73653,-79.3083,Ali,5.0,2018-04-29 01:42:07
Adam's Halal Pub,Toronto,ON,43.73653,-79.3083,T,4.0,2018-07-26 02:03:18
Adam's Halal Pub,Toronto,ON,43.73653,-79.3083,Jenny,2.0,2018-05-06 22:01:34
Adam's Halal Pub,Toronto,ON,43.73653,-79.3083,Poipoi,4.0,2018-08-09 03:35:28
Adam's Halal Pub,Toronto,ON,43.73653,-79.3083,Poipoi,4.0,2018-08-05 22:00:05
Adam's Halal Pub,Toronto,ON,43.73653,-79.3083,Kamran,4.0,2018-10-20 21:00:20
Adam's Halal Pub,Toronto,ON,43.73653,-79.3083,Aadil,4.0,2018-07-19 17:06:31
Adam's Halal Pub,Toronto,ON,43.73653,-79.3083,Tahrim,3.0,2018-07-08 03:09:48
Adam's Halal Pub,Toronto,ON,43.73653,-79.3083,Cee,1.0,2018-07-15 17:22:49
Adam's Halal Pub,Toronto,ON,43.73653,-79.3083,Adil,3.0,2018-08-22 03:53:14
Arbar,Toronto,ON,43.64003,-79.39722,Liron,5.0,2018-05-03 02:06:35
Arbar,Toronto,ON,43.64003,-79.39722,Charlee,4.0,2018-06-18 03:41:19
Arbar,Toronto,ON,43.64003,-79.39722,Connie,3.0,2018-09-10 16:15:03
Arbar,Toronto,ON,43.64003,-79.39722,Belle,5.0,2018-08-18 04:24:30
Arbar,Toronto,ON,43.64003,-79.39722,Alandra-Jordan,3.0,2018-09-15 16:57:20
Arbar,Toronto,ON,43.64003,-79.39722,Jacqueline,2.0,2018-10-30 23:59:39
Arbar,Toronto,ON,43.64003,-79.39722,Tiffany,5.0,2018-04-02 16:11:01
Arbar,Toronto,ON,43.64003,-79.39722,Jimmy,5.0,2018-06-10 00:32:07
Arbar,Toronto,ON,43.64003,-79.39722,Laura,3.0,2018-08-29 02:48:46
Arbar,Toronto,ON,43.64003,-79.39722,Michael,5.0,2018-05-03 01:16:44
Arbar,Toronto,ON,43.64003,-79.39722,Morgan,2.0,2018-08-23 03:28:43
Arbar,Toronto,ON,43.64003,-79.39722,Katie,3.0,2018-06-04 01:25:21
Arbar,Toronto,ON,43.64003,-79.39722,Jahkida,5.0,2018-08-05 19:48:54
Arbar,Toronto,ON,43.64003,-79.39722,Fay,3.0,2018-06-03 19:37:05
Souvlaki Kalamaki,Toronto,ON,43.640453,-79.43673,Cassidy,5.0,2018-09-21 23:03:26
Souvlaki Kalamaki,Toronto,ON,43.640453,-79.43673,Bryan,2.0,2018-09-09 15:58:36
Souvlaki Kalamaki,Toronto,ON,43.640453,-79.43673,Kat,4.0,2018-08-07 20:33:05
Souvlaki Kalamaki,Toronto,ON,43.640453,-79.43673,Ruben,5.0,2018-06-02 20:02:58
Souvlaki Kalamaki,Toronto,ON,43.640453,-79.43673,Rebecca,5.0,2018-09-08 14:27:07
Souvlaki Kalamaki,Toronto,ON,43.640453,-79.43673,Krystine,5.0,2018-05-10 19:47:06
Souvlaki Kalamaki,Toronto,ON,43.640453,-79.43673,Hello,5.0,2018-08-17 17:43:03
Souvlaki Kalamaki,Toronto,ON,43.640453,-79.43673,Becka,5.0,2018-11-03 21:23:26
Souvlaki Kalamaki,Toronto,ON,43.640453,-79.43673,Gwen,5.0,2018-06-26 19:04:31
Souvlaki Kalamaki,Toronto,ON,43.640453,-79.43673,Adam,1.0,2018-09-17 00:27:58
Northwestern Chinese Cuisine,Toronto,ON,43.779694,-79.41508,Melik,2.0,2018-07-23 03:05:02
Northwestern Chinese Cuisine,Toronto,ON,43.779694,-79.41508,Imelda,5.0,2018-11-02 01:10:03
Northwestern Chinese Cuisine,Toronto,ON,43.779694,-79.41508,Imelda,5.0,2018-11-08 01:54:06
Northwestern Chinese Cuisine,Toronto,ON,43.779694,-79.41508,Nana,3.0,2018-07-12 23:43:59
Pacific Park Social,Toronto,ON,43.665806,-79.46905,Rina,1.0,2018-05-20 20:02:06
Pacific Park Social,Toronto,ON,43.665806,-79.46905,Joshua,5.0,2018-02-28 23:34:44
Pacific Park Social,Toronto,ON,43.665806,-79.46905,Rusty,1.0,2017-11-26 18:08:57
Mexicano Grill,Toronto,ON,43.675972,-79.45073,John,4.0,2013-01-13 18:10:55
Mexicano Grill,Toronto,ON,43.675972,-79.45073,Craig,1.0,2012-06-18 02:19:50
Mexicano Grill,Toronto,ON,43.675972,-79.45073,Paul,5.0,2011-11-01 19:35:17
Mikaku Izakaya,Toronto,ON,43.793327,-79.41932,D,5.0,2018-11-04 23:04:19
Mikaku Izakaya,Toronto,ON,43.793327,-79.41932,Shar,5.0,2018-11-13 14:51:10
Mikaku Izakaya,Toronto,ON,43.793327,-79.41932,Amy,4.0,2018-11-04 03:25:34
The Mad Italian,Toronto,ON,43.678383,-79.346954,Floating,4.0,2013-05-23 13:36:12
The Mad Italian,Toronto,ON,43.678383,-79.346954,Christine,5.0,2013-08-16 03:04:34
The Mad Italian,Toronto,ON,43.678383,-79.346954,Mel,4.0,2013-06-09 22:57:29
Core,Toronto,ON,43.66049,-79.34302,Michelle,4.0,2018-09-30 04:37:42
Core,Toronto,ON,43.66049,-79.34302,Robert,4.0,2018-04-10 04:36:48
Core,Toronto,ON,43.66049,-79.34302,Sharon,5.0,2018-05-12 15:14:59
Core,Toronto,ON,43.66049,-79.34302,Soleil,4.0,2018-07-27 11:54:09
Core,Toronto,ON,43.66049,-79.34302,Matthew,4.0,2018-08-06 17:01:18
Core,Toronto,ON,43.66049,-79.34302,Mike,5.0,2018-05-20 03:02:28
Core,Toronto,ON,43.66049,-79.34302,Gracia,5.0,2018-08-11 18:02:47
Core,Toronto,ON,43.66049,-79.34302,Marie,4.0,2018-07-19 22:06:48
Core,Toronto,ON,43.66049,-79.34302,Joy,4.0,2018-06-01 13:18:25
Umi Sushi Express,Toronto,ON,43.644936,-79.386154,David,3.0,2017-06-29 23:26:53
Umi Sushi Express,Toronto,ON,43.644936,-79.386154,Rolia,1.0,2018-09-18 23:09:04
Umi Sushi Express,Toronto,ON,43.644936,-79.386154,V,2.0,2010-10-27 01:34:47
Shanghai Shikumen Fine Cuisine,Toronto,ON,43.652794,-79.399025,Wilma,4.0,2018-11-08 16:56:15
Shanghai Shikumen Fine Cuisine,Toronto,ON,43.652794,-79.399025,Michael,5.0,2018-10-28 22:14:57
Shanghai Shikumen Fine Cuisine,Toronto,ON,43.652794,-79.399025,Christie,5.0,2018-11-10 00:56:09
Shanghai Shikumen Fine Cuisine,Toronto,ON,43.652794,-79.399025,Chau,5.0,2018-10-04 22:58:40
Shanghai Shikumen Fine Cuisine,Toronto,ON,43.652794,-79.399025,Jasmine,4.0,2018-11-01 18:49:27
Marjane Cafe,Toronto,ON,43.675213,-79.40021,Jennifer,3.0,2011-06-29 02:03:31
Marjane Cafe,Toronto,ON,43.675213,-79.40021,WaYnE,3.0,2011-08-05 22:23:37
Marjane Cafe,Toronto,ON,43.675213,-79.40021,Don,4.0,2018-03-30 02:44:08
Yummy Tummy's Bar & Grill,Toronto,ON,43.694984,-79.45419,Ayman,3.0,2017-09-22 17:18:22
Yummy Tummy's Bar & Grill,Toronto,ON,43.694984,-79.45419,Michael,1.0,2018-08-07 19:21:46
Yummy Tummy's Bar & Grill,Toronto,ON,43.694984,-79.45419,Michael,5.0,2018-01-29 07:12:05
Roywoods Ossington,Toronto,ON,43.648666,-79.42079,David,3.0,2017-11-10 17:39:22
Roywoods Ossington,Toronto,ON,43.648666,-79.42079,Arshile,5.0,2017-11-03 04:05:42
Roywoods Ossington,Toronto,ON,43.648666,-79.42079,Sheena,5.0,2018-10-30 23:28:47
Roywoods Ossington,Toronto,ON,43.648666,-79.42079,Teena,4.0,2017-12-03 03:38:36
Roywoods Ossington,Toronto,ON,43.648666,-79.42079,Paul,2.0,2018-08-12 00:13:41
Roywoods Ossington,Toronto,ON,43.648666,-79.42079,Andre,2.0,2018-09-27 02:52:28
Roywoods Ossington,Toronto,ON,43.648666,-79.42079,Tim,3.0,2018-04-01 06:50:54
Roywoods Ossington,Toronto,ON,43.648666,-79.42079,Jon,1.0,2018-01-31 23:51:22
Roywoods Ossington,Toronto,ON,43.648666,-79.42079,Sumayya,4.0,2018-07-27 17:50:13
Roywoods Ossington,Toronto,ON,43.648666,-79.42079,Jessica,5.0,2018-11-05 20:43:14
Quesada Burritos & Tacos,Toronto,ON,43.65118,-79.38424,Cheryl,3.0,2013-01-13 02:35:39
Quesada Burritos & Tacos,Toronto,ON,43.65118,-79.38424,Jason,1.0,2016-03-18 17:34:34
Quesada Burritos & Tacos,Toronto,ON,43.65118,-79.38424,Mark,2.0,2011-05-28 14:32:09
Nevada Restaurant,Toronto,ON,43.669575,-79.30169,Tiffany,1.0,2009-09-20 19:47:21
Nevada Restaurant,Toronto,ON,43.669575,-79.30169,Stephen,1.0,2010-04-25 00:13:40
Nevada Restaurant,Toronto,ON,43.669575,-79.30169,David,2.0,2010-05-22 00:24:12
Nevada Restaurant,Toronto,ON,43.669575,-79.30169,Ktimene,3.0,2009-05-25 13:04:35
Nevada Restaurant,Toronto,ON,43.669575,-79.30169,Billi,1.0,2011-06-26 03:29:27
Momo Hut & Gardens,Toronto,ON,43.67735,-79.35136,Kau,5.0,2018-10-02 23:58:25
Momo Hut & Gardens,Toronto,ON,43.67735,-79.35136,Jenn,5.0,2018-11-08 00:31:37
Momo Hut & Gardens,Toronto,ON,43.67735,-79.35136,TheNewTorontonia,5.0,2018-09-25 22:04:41
Momo Hut & Gardens,Toronto,ON,43.67735,-79.35136,Kirk,5.0,2018-08-26 02:17:56
Momo Hut & Gardens,Toronto,ON,43.67735,-79.35136,Richard,5.0,2018-10-17 03:50:42
Momo Hut & Gardens,Toronto,ON,43.67735,-79.35136,Renata,5.0,2018-10-14 19:31:48
Momo Hut & Gardens,Toronto,ON,43.67735,-79.35136,Imelda,5.0,2018-09-10 03:58:27
Momo Hut & Gardens,Toronto,ON,43.67735,-79.35136,Lum,5.0,2018-11-04 18:39:14
Momo Hut & Gardens,Toronto,ON,43.67735,-79.35136,Jayeeta,5.0,2018-08-18 00:33:59
Momo Hut & Gardens,Toronto,ON,43.67735,-79.35136,Jessica,4.0,2018-11-12 01:47:46
Momo Hut & Gardens,Toronto,ON,43.67735,-79.35136,Fey,5.0,2018-09-09 23:58:58
Momo Hut & Gardens,Toronto,ON,43.67735,-79.35136,Ellen,5.0,2018-09-27 02:22:29
Momo Hut & Gardens,Toronto,ON,43.67735,-79.35136,Anila,5.0,2018-11-12 01:28:25
Momo Hut & Gardens,Toronto,ON,43.67735,-79.35136,Sume,4.0,2018-11-07 02:34:35
Momo Hut & Gardens,Toronto,ON,43.67735,-79.35136,Alexis,5.0,2018-10-10 18:05:23
Momo Hut & Gardens,Toronto,ON,43.67735,-79.35136,Jumping,4.0,2018-10-28 17:49:47
Momo Hut & Gardens,Toronto,ON,43.67735,-79.35136,S,4.0,2018-11-07 03:01:46
Momo Hut & Gardens,Toronto,ON,43.67735,-79.35136,Norm,5.0,2018-11-08 19:01:40
Momo Hut & Gardens,Toronto,ON,43.67735,-79.35136,Natalia,5.0,2018-10-21 21:26:59
Momo Hut & Gardens,Toronto,ON,43.67735,-79.35136,Adrian,5.0,2018-10-10 19:28:17
Momo Hut & Gardens,Toronto,ON,43.67735,-79.35136,Carson,2.0,2018-10-14 11:07:11
Shawarma Boys,Toronto,ON,43.67931,-79.34483,Robin,5.0,2017-07-14 19:03:24
Shawarma Boys,Toronto,ON,43.67931,-79.34483,Ozlem,5.0,2018-11-12 23:21:04
Shawarma Boys,Toronto,ON,43.67931,-79.34483,Mark,2.0,2017-11-15 23:23:25
Fuzion 99,Toronto,ON,43.681015,-79.430374,Lynna,4.0,2011-05-07 04:21:24
Fuzion 99,Toronto,ON,43.681015,-79.430374,Gabrielle,2.0,2012-01-30 03:15:46
Fuzion 99,Toronto,ON,43.681015,-79.430374,Monich,2.0,2011-04-20 17:02:44
Night Market,Toronto,ON,43.7626,-79.41151,Linc,1.0,2018-03-30 06:09:48
Night Market,Toronto,ON,43.7626,-79.41151,S,1.0,2018-05-09 19:21:59
Night Market,Toronto,ON,43.7626,-79.41151,Daphne,1.0,2018-07-16 02:37:45
Five Points Hot Chicken,Toronto,ON,43.66023,-79.43161,Jenny,3.0,2018-07-12 22:21:59
Five Points Hot Chicken,Toronto,ON,43.66023,-79.43161,Sarah,4.0,2018-07-29 03:44:14
Five Points Hot Chicken,Toronto,ON,43.66023,-79.43161,Owen,2.0,2018-05-26 01:03:41
Five Points Hot Chicken,Toronto,ON,43.66023,-79.43161,Meg,2.0,2018-08-12 00:28:15
Five Points Hot Chicken,Toronto,ON,43.66023,-79.43161,Aisha,2.0,2018-06-03 13:35:52
Five Points Hot Chicken,Toronto,ON,43.66023,-79.43161,Tim,2.0,2018-06-06 13:44:28
Authentic Taste Of Indian Cuisine,Toronto,ON,43.62895,-79.39442,Canchi,3.0,2013-08-20 20:45:46
Authentic Taste Of Indian Cuisine,Toronto,ON,43.62895,-79.39442,Jiyuan,3.0,2014-05-29 09:21:24
Authentic Taste Of Indian Cuisine,Toronto,ON,43.62895,-79.39442,Priyanka,3.0,2013-09-19 16:50:03
241 Pizza,Toronto,ON,43.65462,-79.36421,Al,2.0,2018-05-21 20:38:55
241 Pizza,Toronto,ON,43.65462,-79.36421,Nac,1.0,2017-06-19 12:48:07
241 Pizza,Toronto,ON,43.65462,-79.36421,Catherine,1.0,2018-02-25 21:55:38
Good Hombres,Toronto,ON,43.653244,-79.406586,Joel,5.0,2018-11-07 01:00:39
Good Hombres,Toronto,ON,43.653244,-79.406586,Loca,5.0,2018-10-21 00:33:27
Good Hombres,Toronto,ON,43.653244,-79.406586,Martin,5.0,2018-10-04 19:49:47
Good Hombres,Toronto,ON,43.653244,-79.406586,Jennifer,5.0,2018-10-05 01:49:18
Good Hombres,Toronto,ON,43.653244,-79.406586,Brandon,5.0,2018-10-21 01:00:36
Good Hombres,Toronto,ON,43.653244,-79.406586,D,5.0,2018-10-09 21:19:13
South St. Burger,Toronto,ON,43.671524,-79.39459,R,3.0,2015-05-02 03:28:30
South St. Burger,Toronto,ON,43.671524,-79.39459,Chad,5.0,2015-03-13 17:03:06
South St. Burger,Toronto,ON,43.671524,-79.39459,Protorontonian,4.0,2015-03-26 23:22:50
South St. Burger,Toronto,ON,43.671524,-79.39459,Aadil,3.0,2017-08-15 11:24:24
South St. Burger,Toronto,ON,43.671524,-79.39459,Protorontonian,5.0,2015-03-19 22:44:32
South St. Burger,Toronto,ON,43.671524,-79.39459,Protorontonian,3.0,2015-05-19 02:18:58
South St. Burger,Toronto,ON,43.671524,-79.39459,Farhad,5.0,2016-09-23 21:51:14
South St. Burger,Toronto,ON,43.671524,-79.39459,Jennifer,4.0,2017-05-01 16:37:51
Dandelion Noodle,Toronto,ON,43.804737,-79.28769,Ana,5.0,2018-09-28 23:03:21
Dandelion Noodle,Toronto,ON,43.804737,-79.28769,Elle,2.0,2018-11-11 17:30:37
Dandelion Noodle,Toronto,ON,43.804737,-79.28769,Ann,4.0,2018-09-09 17:20:00
Dandelion Noodle,Toronto,ON,43.804737,-79.28769,Leo,5.0,2018-10-08 16:53:33
Dandelion Noodle,Toronto,ON,43.804737,-79.28769,Lo,2.0,2018-10-27 16:04:19
Dandelion Noodle,Toronto,ON,43.804737,-79.28769,A,4.0,2018-10-10 17:50:46
Dandelion Noodle,Toronto,ON,43.804737,-79.28769,Greg,4.0,2018-11-01 06:18:57
Dandelion Noodle,Toronto,ON,43.804737,-79.28769,Mei Lan,4.0,2018-10-21 01:21:05
Dandelion Noodle,Toronto,ON,43.804737,-79.28769,Alana,3.0,2018-10-13 05:49:58
Dandelion Noodle,Toronto,ON,43.804737,-79.28769,Jennifer,3.0,2018-10-19 00:22:17
Dandelion Noodle,Toronto,ON,43.804737,-79.28769,Karen,4.0,2018-09-09 20:31:45
Dandelion Noodle,Toronto,ON,43.804737,-79.28769,Nicole,4.0,2018-11-05 04:17:20
Dandelion Noodle,Toronto,ON,43.804737,-79.28769,K,2.0,2018-09-29 21:04:33
Dandelion Noodle,Toronto,ON,43.804737,-79.28769,Mugendd,3.0,2018-11-04 02:27:56
Dandelion Noodle,Toronto,ON,43.804737,-79.28769,Veronica,4.0,2018-11-03 22:59:10
Dandelion Noodle,Toronto,ON,43.804737,-79.28769,Sam,3.0,2018-11-11 23:38:29
Jessy's Pizza Toronto,Toronto,ON,43.653824,-79.45114,Evelyn,5.0,2018-10-30 00:13:59
Jessy's Pizza Toronto,Toronto,ON,43.653824,-79.45114,Max,5.0,2018-10-14 00:37:29
Jessy's Pizza Toronto,Toronto,ON,43.653824,-79.45114,Maya,5.0,2018-10-26 12:12:04
The Civic At the Broadview Hotel,Toronto,ON,43.658978,-79.35016,Juliana,3.0,2018-11-11 06:59:31
The Civic At the Broadview Hotel,Toronto,ON,43.658978,-79.35016,Melonie,5.0,2018-10-26 12:28:54
The Civic At the Broadview Hotel,Toronto,ON,43.658978,-79.35016,Bella,2.0,2018-04-10 14:20:28
The Civic At the Broadview Hotel,Toronto,ON,43.658978,-79.35016,David,3.0,2018-04-23 17:31:42
The Civic At the Broadview Hotel,Toronto,ON,43.658978,-79.35016,Kaoru,5.0,2018-09-20 22:54:13
The Civic At the Broadview Hotel,Toronto,ON,43.658978,-79.35016,Elle,4.0,2017-12-30 00:34:25
The Civic At the Broadview Hotel,Toronto,ON,43.658978,-79.35016,Rega,3.0,2018-01-22 12:00:06
The Civic At the Broadview Hotel,Toronto,ON,43.658978,-79.35016,Kate,5.0,2018-01-22 01:28:04
The Civic At the Broadview Hotel,Toronto,ON,43.658978,-79.35016,Shannon,5.0,2018-03-11 22:05:33
The Civic At the Broadview Hotel,Toronto,ON,43.658978,-79.35016,Nadia,2.0,2018-01-27 15:10:25
The Civic At the Broadview Hotel,Toronto,ON,43.658978,-79.35016,Mike,4.0,2018-03-04 01:07:48
The Civic At the Broadview Hotel,Toronto,ON,43.658978,-79.35016,Kitchen Witch,2.0,2018-03-28 11:34:33
The Civic At the Broadview Hotel,Toronto,ON,43.658978,-79.35016,Lara,2.0,2018-09-30 15:54:44
Press Cafe,Toronto,ON,43.68676,-79.3982,Ati,1.0,2012-09-11 15:35:44
Press Cafe,Toronto,ON,43.68676,-79.3982,Lourdes,2.0,2015-10-29 13:44:24
Press Cafe,Toronto,ON,43.68676,-79.3982,Denise,3.0,2009-11-24 00:54:19
Press Cafe,Toronto,ON,43.68676,-79.3982,Margaret,5.0,2016-02-24 17:13:10
Sophie's,Toronto,ON,43.706326,-79.37565,Nicole,3.0,2018-11-12 01:39:23
Sophie's,Toronto,ON,43.706326,-79.37565,Kyle,5.0,2018-08-30 18:08:34
Sophie's,Toronto,ON,43.706326,-79.37565,Marla,5.0,2018-11-07 15:42:07
Sophie's,Toronto,ON,43.706326,-79.37565,Rodney,4.0,2018-08-25 20:21:05
Sophie's,Toronto,ON,43.706326,-79.37565,Rodney,5.0,2018-10-19 16:19:04
Sophie's,Toronto,ON,43.706326,-79.37565,Kathryn,1.0,2018-09-11 22:11:48
Mad Radish,Toronto,ON,43.707592,-79.398254,Marlee,5.0,2018-10-24 02:32:42
Mad Radish,Toronto,ON,43.707592,-79.398254,sylvia,3.0,2018-11-02 02:37:00
Mad Radish,Toronto,ON,43.707592,-79.398254,Jay,5.0,2018-11-04 01:05:12
Koishi Ice Cream,Toronto,ON,43.65507,-79.39991,Karen,5.0,2018-10-14 05:19:16
Koishi Ice Cream,Toronto,ON,43.65507,-79.39991,Alexandra,4.0,2018-10-15 18:24:54
Koishi Ice Cream,Toronto,ON,43.65507,-79.39991,Dr,5.0,2018-08-24 20:45:22
Koishi Ice Cream,Toronto,ON,43.65507,-79.39991,Steph,4.0,2018-09-27 19:17:29
Koishi Ice Cream,Toronto,ON,43.65507,-79.39991,Christina,4.0,2018-10-22 09:05:32
Koishi Ice Cream,Toronto,ON,43.65507,-79.39991,Cindy,3.0,2018-10-21 17:15:35
Koishi Ice Cream,Toronto,ON,43.65507,-79.39991,Jennifer,4.0,2018-08-18 20:02:38
Koishi Ice Cream,Toronto,ON,43.65507,-79.39991,Cathy,4.0,2018-09-03 19:53:12
Koishi Ice Cream,Toronto,ON,43.65507,-79.39991,Jeffrey,4.0,2018-09-12 02:45:49
Koishi Ice Cream,Toronto,ON,43.65507,-79.39991,Vicky,4.0,2018-08-10 23:18:31
Koishi Ice Cream,Toronto,ON,43.65507,-79.39991,Cindy,2.0,2018-09-17 02:36:09
Koishi Ice Cream,Toronto,ON,43.65507,-79.39991,David,3.0,2018-08-25 13:07:36
Koishi Ice Cream,Toronto,ON,43.65507,-79.39991,Ve,4.0,2018-08-28 17:19:56
Koishi Ice Cream,Toronto,ON,43.65507,-79.39991,Lilian,4.0,2018-09-02 13:25:05
Koishi Ice Cream,Toronto,ON,43.65507,-79.39991,Kervin,3.0,2018-10-04 00:26:58
Koishi Ice Cream,Toronto,ON,43.65507,-79.39991,Luna,5.0,2018-09-15 05:48:33
Koishi Ice Cream,Toronto,ON,43.65507,-79.39991,Chusa,4.0,2018-10-06 03:10:49
Koishi Ice Cream,Toronto,ON,43.65507,-79.39991,Alison,3.0,2018-08-22 22:31:32
Koishi Ice Cream,Toronto,ON,43.65507,-79.39991,Ada,4.0,2018-09-29 01:22:13
Koishi Ice Cream,Toronto,ON,43.65507,-79.39991,Pamela,2.0,2018-08-19 21:31:12
Koishi Ice Cream,Toronto,ON,43.65507,-79.39991,Megan,4.0,2018-10-14 18:54:01
Koishi Ice Cream,Toronto,ON,43.65507,-79.39991,Will,4.0,2018-08-31 19:22:13
Koishi Ice Cream,Toronto,ON,43.65507,-79.39991,Sarah,4.0,2018-09-10 02:32:27
Wicked Sammich,Toronto,ON,43.665413,-79.461494,Sam,1.0,2016-07-14 01:02:51
Wicked Sammich,Toronto,ON,43.665413,-79.461494,W,1.0,2016-10-25 18:21:11
Wicked Sammich,Toronto,ON,43.665413,-79.461494,Chip,5.0,2016-08-02 18:01:47
Johnny Catch,Toronto,ON,43.66295,-79.31019,Jacqueline,4.0,2018-04-07 22:13:00
Johnny Catch,Toronto,ON,43.66295,-79.31019,Ber,1.0,2018-09-17 18:23:46
Johnny Catch,Toronto,ON,43.66295,-79.31019,Kiera,4.0,2018-05-23 19:06:20
Cantina,Toronto,ON,43.649582,-79.42563,Addy,5.0,2016-05-04 02:41:31
Cantina,Toronto,ON,43.649582,-79.42563,Zalt Ann Pepper,4.0,2017-03-20 04:32:16
Cantina,Toronto,ON,43.649582,-79.42563,Luke,4.0,2009-07-26 19:56:10
Cantina,Toronto,ON,43.649582,-79.42563,Isabelle,5.0,2017-05-05 21:17:15
Cantina,Toronto,ON,43.649582,-79.42563,Sam,5.0,2017-06-07 00:32:35
Cantina,Toronto,ON,43.649582,-79.42563,Jamie,5.0,2018-03-26 14:33:14
Cantina,Toronto,ON,43.649582,-79.42563,Jefferson,1.0,2017-09-09 03:06:09
Cantina,Toronto,ON,43.649582,-79.42563,Christos,1.0,2017-09-09 01:01:49
4u2 Shawarma & Steak,Toronto,ON,43.707405,-79.24992,Ren,5.0,2018-11-12 17:31:40
4u2 Shawarma & Steak,Toronto,ON,43.707405,-79.24992,Hrishi,4.0,2018-05-06 20:50:05
4u2 Shawarma & Steak,Toronto,ON,43.707405,-79.24992,J.,3.0,2018-06-30 23:50:22
Gino's Pizza,Toronto,ON,43.65333,-79.3757,A.J.,2.0,2012-08-03 06:54:08
Gino's Pizza,Toronto,ON,43.65333,-79.3757,Renee,1.0,2012-09-03 17:46:31
Gino's Pizza,Toronto,ON,43.65333,-79.3757,Chris,3.0,2011-11-04 05:18:43
Dunn’s Famous Deli Express,Toronto,ON,43.68414,-79.319,Eddyc,4.0,2018-11-03 02:12:12
Dunn’s Famous Deli Express,Toronto,ON,43.68414,-79.319,Rodney,2.0,2018-11-09 17:36:20
Dunn’s Famous Deli Express,Toronto,ON,43.68414,-79.319,Angelina,5.0,2018-11-07 22:38:31
Dunn’s Famous Deli Express,Toronto,ON,43.68414,-79.319,Sheila,1.0,2018-10-23 22:45:40
Dunn’s Famous Deli Express,Toronto,ON,43.68414,-79.319,Darien,5.0,2018-11-06 01:59:13
Dunn’s Famous Deli Express,Toronto,ON,43.68414,-79.319,Alessandro,5.0,2018-11-06 22:33:52
Dunn’s Famous Deli Express,Toronto,ON,43.68414,-79.319,Lisa,4.0,2018-11-05 03:17:04
Sushi Shop,Toronto,ON,43.77799,-79.34409,Roger,2.0,2018-02-05 18:11:37
Sushi Shop,Toronto,ON,43.77799,-79.34409,Melissa,3.0,2018-03-18 15:41:08
Sushi Shop,Toronto,ON,43.77799,-79.34409,Hazel,3.0,2018-01-13 18:34:05
Sushi Shop,Toronto,ON,43.77799,-79.34409,Ailin,2.0,2018-06-07 22:28:55
Sushi Shop,Toronto,ON,43.77799,-79.34409,Katty,4.0,2018-01-29 00:06:27
Sushi Shop,Toronto,ON,43.77799,-79.34409,Irene,4.0,2018-06-26 05:55:11
Sushi Shop,Toronto,ON,43.77799,-79.34409,Jeslyn,1.0,2018-09-15 17:09:06
Tokyo Grill,Toronto,ON,43.76999,-79.41283,Alex,1.0,2018-08-23 17:59:01
Tokyo Grill,Toronto,ON,43.76999,-79.41283,Blanche,1.0,2018-10-10 00:02:04
Tokyo Grill,Toronto,ON,43.76999,-79.41283,Andy,5.0,2018-11-11 08:47:09
Tokyo Grill,Toronto,ON,43.76999,-79.41283,Junhee,5.0,2018-09-01 20:16:27
Tokyo Grill,Toronto,ON,43.76999,-79.41283,Arthur,2.0,2018-09-06 20:47:25
Tokyo Grill,Toronto,ON,43.76999,-79.41283,Ed,4.0,2018-10-30 06:19:47
Midland Court Restaurant,Toronto,ON,43.80912,-79.29083,Stephanie,3.0,2015-04-05 00:42:46
Midland Court Restaurant,Toronto,ON,43.80912,-79.29083,Jennifer,2.0,2012-07-21 01:00:04
Midland Court Restaurant,Toronto,ON,43.80912,-79.29083,Jessica,4.0,2015-12-04 18:20:37
Gourmet Burger,Toronto,ON,43.66953,-79.370384,Keith,1.0,2017-08-28 23:46:42
Gourmet Burger,Toronto,ON,43.66953,-79.370384,Doug,5.0,2017-08-19 15:11:10
Gourmet Burger,Toronto,ON,43.66953,-79.370384,Mandy,1.0,2017-05-08 01:23:27
Gourmet Burger,Toronto,ON,43.66953,-79.370384,Laeti,1.0,2017-08-24 15:07:24
Taste of Sri Lanka,Toronto,ON,43.649067,-79.37692,Angie,5.0,2018-11-07 16:55:18
Taste of Sri Lanka,Toronto,ON,43.649067,-79.37692,John,5.0,2018-02-26 17:30:40
Taste of Sri Lanka,Toronto,ON,43.649067,-79.37692,Scott,3.0,2018-02-20 19:01:31
SARA,Toronto,ON,43.6452,-79.40066,Reva,5.0,2018-11-10 16:46:22
SARA,Toronto,ON,43.6452,-79.40066,Maggie,5.0,2018-10-27 13:34:38
SARA,Toronto,ON,43.6452,-79.40066,Tatiana,5.0,2018-10-16 00:19:59
SARA,Toronto,ON,43.6452,-79.40066,Sherry,5.0,2018-10-23 18:58:07
SARA,Toronto,ON,43.6452,-79.40066,M,5.0,2018-10-07 15:56:50
SARA,Toronto,ON,43.6452,-79.40066,Soleil,3.0,2018-10-16 00:01:21
SARA,Toronto,ON,43.6452,-79.40066,L,2.0,2018-11-09 03:08:57
Buddha Dog,Toronto,ON,43.64417,-79.448074,M,4.0,2009-07-12 21:30:45
Buddha Dog,Toronto,ON,43.64417,-79.448074,kai,4.0,2008-10-27 19:07:01
Buddha Dog,Toronto,ON,43.64417,-79.448074,Michael,5.0,2008-09-06 21:33:34
Buddha Dog,Toronto,ON,43.64417,-79.448074,Kim,4.0,2008-12-13 01:37:40
Subway,Toronto,ON,43.634647,-79.56257,D,5.0,2015-04-08 16:47:16
Subway,Toronto,ON,43.634647,-79.56257,Elvis,5.0,2013-04-03 17:49:16
Subway,Toronto,ON,43.634647,-79.56257,Bryan,4.0,2015-09-19 00:47:42
Subway,Toronto,ON,43.634647,-79.56257,Mike,2.0,2013-07-11 05:11:30
Wing Machine,Toronto,ON,43.648678,-79.39723,Pete,1.0,2013-02-27 22:55:04
Wing Machine,Toronto,ON,43.648678,-79.39723,Tara,5.0,2011-11-08 15:15:37
Wing Machine,Toronto,ON,43.648678,-79.39723,Paul,5.0,2017-08-21 14:00:59
The Ellery,Toronto,ON,43.684917,-79.31722,Jay,5.0,2018-07-08 21:56:05
The Ellery,Toronto,ON,43.684917,-79.31722,Tara,5.0,2018-07-20 12:01:58
The Ellery,Toronto,ON,43.684917,-79.31722,Lambert,5.0,2018-06-12 15:19:53
The Ellery,Toronto,ON,43.684917,-79.31722,Suzie,5.0,2018-10-01 02:59:59
The Ellery,Toronto,ON,43.684917,-79.31722,James,5.0,2018-07-08 00:09:26
The Ellery,Toronto,ON,43.684917,-79.31722,Joel,4.0,2018-07-25 13:53:08
The Ellery,Toronto,ON,43.684917,-79.31722,A,4.0,2018-09-10 22:54:06
The Ellery,Toronto,ON,43.684917,-79.31722,Rob,5.0,2018-10-15 01:01:38
The Theatre Centre,Toronto,ON,43.64311,-79.423256,Dale,4.0,2010-01-04 07:07:24
The Theatre Centre,Toronto,ON,43.64311,-79.423256,Elle,5.0,2014-11-21 15:22:16
The Theatre Centre,Toronto,ON,43.64311,-79.423256,Danielle,4.0,2017-01-17 17:59:24
The Theatre Centre,Toronto,ON,43.64311,-79.423256,Michael,4.0,2016-04-02 14:48:17
The Theatre Centre,Toronto,ON,43.64311,-79.423256,Jennie,5.0,2015-03-23 20:16:35
Regulars,Toronto,ON,43.64419,-79.40258,Christie,5.0,2018-11-08 21:39:49
Regulars,Toronto,ON,43.64419,-79.40258,Vincent,2.0,2018-10-14 21:28:35
Regulars,Toronto,ON,43.64419,-79.40258,Sumayya,3.0,2018-10-26 16:51:27
Regulars,Toronto,ON,43.64419,-79.40258,Jaslanika Pritam,5.0,2018-09-27 16:17:56
Regulars,Toronto,ON,43.64419,-79.40258,Ahmed,2.0,2018-09-30 01:17:01
Regulars,Toronto,ON,43.64419,-79.40258,Arshile,3.0,2018-09-11 18:47:41
Regulars,Toronto,ON,43.64419,-79.40258,Kasandra,5.0,2018-10-24 00:10:43
Regulars,Toronto,ON,43.64419,-79.40258,Anna,2.0,2018-11-14 03:33:37
Regulars,Toronto,ON,43.64419,-79.40258,Danielle,5.0,2018-10-25 00:57:35
Regulars,Toronto,ON,43.64419,-79.40258,Amy,2.0,2018-09-20 16:36:02
Regulars,Toronto,ON,43.64419,-79.40258,Channelle,1.0,2018-10-14 18:56:26
Regulars,Toronto,ON,43.64419,-79.40258,Rodilyn,1.0,2018-09-22 22:16:11
Regulars,Toronto,ON,43.64419,-79.40258,Owen,5.0,2018-09-28 18:00:42
Regulars,Toronto,ON,43.64419,-79.40258,Natalie,1.0,2018-10-27 02:55:43
Regulars,Toronto,ON,43.64419,-79.40258,Jenn,3.0,2018-11-12 23:39:28
Regulars,Toronto,ON,43.64419,-79.40258,Jessica,3.0,2018-10-11 04:07:46
McDonald's,Toronto,ON,43.647263,-79.3786,Jo Jo,2.0,2015-02-18 18:09:39
McDonald's,Toronto,ON,43.647263,-79.3786,Lisa,1.0,2015-07-08 17:34:21
McDonald's,Toronto,ON,43.647263,-79.3786,Shari,1.0,2018-02-15 15:26:19
McDonald's,Toronto,ON,43.647263,-79.3786,Chris,3.0,2012-10-21 01:43:59
Cafe Palma,Toronto,ON,43.76851,-79.41296,Sam,3.0,2010-06-08 20:55:44
Cafe Palma,Toronto,ON,43.76851,-79.41296,Stephanie,4.0,2010-01-21 19:36:09
Cafe Palma,Toronto,ON,43.76851,-79.41296,Shannon,3.0,2012-11-06 15:30:16
Cafe Palma,Toronto,ON,43.76851,-79.41296,Jenny,2.0,2012-08-27 23:47:07
Epikourion Restaurant,Toronto,ON,43.64842,-79.3819,Billy,2.0,2012-12-26 03:02:42
Epikourion Restaurant,Toronto,ON,43.64842,-79.3819,Erwin,3.0,2011-06-29 03:37:12
Epikourion Restaurant,Toronto,ON,43.64842,-79.3819,Larry,4.0,2010-10-25 18:24:59
Epikourion Restaurant,Toronto,ON,43.64842,-79.3819,Mark,4.0,2010-02-10 20:16:01
Juicy Dumpling,Toronto,ON,43.652725,-79.398636,Kat,5.0,2018-11-09 18:10:55
Juicy Dumpling,Toronto,ON,43.652725,-79.398636,Michael,5.0,2018-10-09 04:01:55
Juicy Dumpling,Toronto,ON,43.652725,-79.398636,Kathy,5.0,2018-11-09 20:49:54
Juicy Dumpling,Toronto,ON,43.652725,-79.398636,Arlene,3.0,2018-11-11 13:20:33
Juicy Dumpling,Toronto,ON,43.652725,-79.398636,Cat,4.0,2018-09-29 13:40:03
Juicy Dumpling,Toronto,ON,43.652725,-79.398636,Flora,5.0,2018-11-09 16:53:04
Juicy Dumpling,Toronto,ON,43.652725,-79.398636,Mabel,5.0,2018-10-17 16:53:56
Juicy Dumpling,Toronto,ON,43.652725,-79.398636,Cat,5.0,2018-09-25 16:45:33
Juicy Dumpling,Toronto,ON,43.652725,-79.398636,Austin,4.0,2018-11-09 04:21:23
Juicy Dumpling,Toronto,ON,43.652725,-79.398636,Sue A.,3.0,2018-10-15 02:41:44
Juicy Dumpling,Toronto,ON,43.652725,-79.398636,Stephanie,4.0,2018-11-04 02:43:38
Juicy Dumpling,Toronto,ON,43.652725,-79.398636,Ying Hui,2.0,2018-11-08 06:24:02
Juicy Dumpling,Toronto,ON,43.652725,-79.398636,Jasmine,5.0,2018-09-23 17:02:16
Juicy Dumpling,Toronto,ON,43.652725,-79.398636,Karen,4.0,2018-10-01 00:36:58
Juicy Dumpling,Toronto,ON,43.652725,-79.398636,Christina,4.0,2018-11-02 16:55:42
Juicy Dumpling,Toronto,ON,43.652725,-79.398636,Larie,4.0,2018-11-05 00:44:02
Juicy Dumpling,Toronto,ON,43.652725,-79.398636,Janet,3.0,2018-11-12 19:28:39
Juicy Dumpling,Toronto,ON,43.652725,-79.398636,Lester,4.0,2018-10-15 03:01:57
Juicy Dumpling,Toronto,ON,43.652725,-79.398636,Katie,4.0,2018-10-11 01:03:33
Juicy Dumpling,Toronto,ON,43.652725,-79.398636,Andrew,5.0,2018-10-14 18:30:39
Juicy Dumpling,Toronto,ON,43.652725,-79.398636,Cathee,5.0,2018-10-21 01:46:52
Juicy Dumpling,Toronto,ON,43.652725,-79.398636,Arshile,4.0,2018-10-10 19:21:19
Juicy Dumpling,Toronto,ON,43.652725,-79.398636,Charles,5.0,2018-10-29 18:32:13
Juicy Dumpling,Toronto,ON,43.652725,-79.398636,Angie,4.0,2018-10-12 19:03:07
Juicy Dumpling,Toronto,ON,43.652725,-79.398636,Brooklyn,4.0,2018-10-13 17:37:40
Juicy Dumpling,Toronto,ON,43.652725,-79.398636,Gerald,4.0,2018-10-11 02:42:32
Juicy Dumpling,Toronto,ON,43.652725,-79.398636,Ken,4.0,2018-10-28 18:10:00
Juicy Dumpling,Toronto,ON,43.652725,-79.398636,Richmond,4.0,2018-11-10 19:24:48
Juicy Dumpling,Toronto,ON,43.652725,-79.398636,T,5.0,2018-11-06 00:26:42
Juicy Dumpling,Toronto,ON,43.652725,-79.398636,Chusa,5.0,2018-10-08 02:50:39
Juicy Dumpling,Toronto,ON,43.652725,-79.398636,Sara,5.0,2018-10-27 16:56:35
Juicy Dumpling,Toronto,ON,43.652725,-79.398636,Andrew,5.0,2018-10-14 02:02:54
Juicy Dumpling,Toronto,ON,43.652725,-79.398636,Meng,3.0,2018-10-22 15:54:24
Juicy Dumpling,Toronto,ON,43.652725,-79.398636,Joeana,3.0,2018-10-18 20:16:40
Juicy Dumpling,Toronto,ON,43.652725,-79.398636,Michelle,1.0,2018-11-06 00:18:27
Juicy Dumpling,Toronto,ON,43.652725,-79.398636,Jason,5.0,2018-09-18 22:14:04
Juicy Dumpling,Toronto,ON,43.652725,-79.398636,Bethany,4.0,2018-10-21 00:25:51
Juicy Dumpling,Toronto,ON,43.652725,-79.398636,Karen,5.0,2018-10-21 00:53:33
Juicy Dumpling,Toronto,ON,43.652725,-79.398636,Jumping,1.0,2018-10-01 01:43:53
Juicy Dumpling,Toronto,ON,43.652725,-79.398636,Joyce,1.0,2018-09-24 21:04:43
Juicy Dumpling,Toronto,ON,43.652725,-79.398636,Vanessa,4.0,2018-10-18 00:07:16
Juicy Dumpling,Toronto,ON,43.652725,-79.398636,Charles,5.0,2018-10-22 19:39:39
Juicy Dumpling,Toronto,ON,43.652725,-79.398636,Richard,5.0,2018-10-13 23:31:46
Juicy Dumpling,Toronto,ON,43.652725,-79.398636,Oliver,2.0,2018-10-27 17:28:33
Juicy Dumpling,Toronto,ON,43.652725,-79.398636,Will,5.0,2018-09-17 23:44:06
Juicy Dumpling,Toronto,ON,43.652725,-79.398636,Vincent,4.0,2018-10-03 04:27:52
Juicy Dumpling,Toronto,ON,43.652725,-79.398636,Chris,5.0,2018-10-07 21:11:50
Juicy Dumpling,Toronto,ON,43.652725,-79.398636,Karen,4.0,2018-11-01 00:19:05
Juicy Dumpling,Toronto,ON,43.652725,-79.398636,Tracey,5.0,2018-10-08 21:47:43
Juicy Dumpling,Toronto,ON,43.652725,-79.398636,Frank,4.0,2018-09-30 11:24:45
Juicy Dumpling,Toronto,ON,43.652725,-79.398636,Wendy,2.0,2018-11-05 18:58:51
Juicy Dumpling,Toronto,ON,43.652725,-79.398636,Raya,4.0,2018-10-14 04:15:16
Juicy Dumpling,Toronto,ON,43.652725,-79.398636,Shayne,3.0,2018-09-19 18:35:51
Juicy Dumpling,Toronto,ON,43.652725,-79.398636,Jessica,4.0,2018-11-05 02:03:57
Juicy Dumpling,Toronto,ON,43.652725,-79.398636,Martin,4.0,2018-09-19 19:41:26
Juicy Dumpling,Toronto,ON,43.652725,-79.398636,Rosey,3.0,2018-10-25 23:17:35
Juicy Dumpling,Toronto,ON,43.652725,-79.398636,Thomas,4.0,2018-11-08 03:13:42
Juicy Dumpling,Toronto,ON,43.652725,-79.398636,Tai,4.0,2018-10-31 00:51:37
Juicy Dumpling,Toronto,ON,43.652725,-79.398636,John,3.0,2018-09-23 01:48:45
Juicy Dumpling,Toronto,ON,43.652725,-79.398636,Jessica,4.0,2018-10-13 15:25:18
Juicy Dumpling,Toronto,ON,43.652725,-79.398636,Simon,5.0,2018-10-03 02:28:07
Juicy Dumpling,Toronto,ON,43.652725,-79.398636,K,5.0,2018-10-13 23:18:23
Frankie's,Toronto,ON,43.66054,-79.34318,Neil,4.0,2018-05-01 23:35:33
Frankie's,Toronto,ON,43.66054,-79.34318,Teresa,5.0,2018-06-20 00:26:19
Frankie's,Toronto,ON,43.66054,-79.34318,El,2.0,2018-06-15 12:42:18
Frankie's,Toronto,ON,43.66054,-79.34318,Stephane,1.0,2018-07-28 16:59:11
Frankie's,Toronto,ON,43.66054,-79.34318,Lum,5.0,2018-04-11 14:01:49
Frankie's,Toronto,ON,43.66054,-79.34318,Jeff,2.0,2018-05-10 15:43:40
Frankie's,Toronto,ON,43.66054,-79.34318,Chris,4.0,2018-10-05 22:47:30
Frankie's,Toronto,ON,43.66054,-79.34318,Erin,5.0,2018-09-25 22:54:21
Frankie's,Toronto,ON,43.66054,-79.34318,Tina,3.0,2018-05-05 01:45:21
Frankie's,Toronto,ON,43.66054,-79.34318,Terry,5.0,2018-05-11 12:38:54
Frankie's,Toronto,ON,43.66054,-79.34318,Michael,4.0,2018-09-25 22:52:48
Spice Indian Bistro,Toronto,ON,43.653923,-79.3692,Cohen,5.0,2018-08-24 22:17:58
Spice Indian Bistro,Toronto,ON,43.653923,-79.3692,Rory,4.0,2018-05-25 04:40:19
Spice Indian Bistro,Toronto,ON,43.653923,-79.3692,Chad,5.0,2018-03-22 01:21:03
Spice Indian Bistro,Toronto,ON,43.653923,-79.3692,A,1.0,2018-06-02 04:26:28
Spice Indian Bistro,Toronto,ON,43.653923,-79.3692,Alex,5.0,2018-10-26 22:59:11
Spice Indian Bistro,Toronto,ON,43.653923,-79.3692,David,4.0,2018-06-22 12:40:03
Spice Indian Bistro,Toronto,ON,43.653923,-79.3692,Elvis,4.0,2018-02-21 06:53:35
Spice Indian Bistro,Toronto,ON,43.653923,-79.3692,Catherine,5.0,2018-05-03 02:09:34
Spice Indian Bistro,Toronto,ON,43.653923,-79.3692,Laura,5.0,2018-02-01 15:53:23
Spice Indian Bistro,Toronto,ON,43.653923,-79.3692,Robin,4.0,2018-08-24 16:11:50
Spice Indian Bistro,Toronto,ON,43.653923,-79.3692,Customer,4.0,2018-05-20 17:59:06
Spice Indian Bistro,Toronto,ON,43.653923,-79.3692,J,5.0,2018-04-20 14:45:08
Spice Indian Bistro,Toronto,ON,43.653923,-79.3692,Ev,5.0,2018-11-06 17:05:06
Spice Indian Bistro,Toronto,ON,43.653923,-79.3692,Mortaric,5.0,2018-10-13 17:18:44
Spice Indian Bistro,Toronto,ON,43.653923,-79.3692,David,5.0,2018-06-07 22:55:12
Spice Indian Bistro,Toronto,ON,43.653923,-79.3692,Carlos,5.0,2018-07-05 03:18:04
Spice Indian Bistro,Toronto,ON,43.653923,-79.3692,L,4.0,2018-03-02 19:07:24
Spice Indian Bistro,Toronto,ON,43.653923,-79.3692,Sarah,5.0,2018-05-30 16:50:14
Spice Indian Bistro,Toronto,ON,43.653923,-79.3692,Misha,2.0,2018-05-10 04:46:16
Spice Indian Bistro,Toronto,ON,43.653923,-79.3692,Danielle,4.0,2018-08-27 15:43:29
Spice Indian Bistro,Toronto,ON,43.653923,-79.3692,Jack,4.0,2018-05-06 13:29:02
Spice Indian Bistro,Toronto,ON,43.653923,-79.3692,Krystsina,4.0,2018-08-25 11:43:01
Coconut Seasons Hot Pot,Toronto,ON,43.822712,-79.30085,Xiaonan,5.0,2018-09-17 19:46:06
Coconut Seasons Hot Pot,Toronto,ON,43.822712,-79.30085,Michelle,3.0,2018-09-23 04:27:48
Coconut Seasons Hot Pot,Toronto,ON,43.822712,-79.30085,Vicky,3.0,2018-09-19 00:41:58
Coconut Seasons Hot Pot,Toronto,ON,43.822712,-79.30085,Melody,2.0,2018-09-30 02:28:59
Coconut Seasons Hot Pot,Toronto,ON,43.822712,-79.30085,Karina,4.0,2018-09-16 17:53:08
Coconut Seasons Hot Pot,Toronto,ON,43.822712,-79.30085,Anna,1.0,2018-10-04 16:44:15
Coconut Seasons Hot Pot,Toronto,ON,43.822712,-79.30085,Cherie,4.0,2018-10-01 17:12:12
Coconut Seasons Hot Pot,Toronto,ON,43.822712,-79.30085,Brian,5.0,2018-08-29 23:21:36
Coconut Seasons Hot Pot,Toronto,ON,43.822712,-79.30085,Jessica,4.0,2018-10-29 14:03:46
Coconut Seasons Hot Pot,Toronto,ON,43.822712,-79.30085,Warren,3.0,2018-11-09 00:08:03
Del Ray So-Cal Cantina,Toronto,ON,43.646957,-79.40525,Chanel,5.0,2014-12-28 04:47:20
Del Ray So-Cal Cantina,Toronto,ON,43.646957,-79.40525,Dan,5.0,2015-02-01 19:10:56
Del Ray So-Cal Cantina,Toronto,ON,43.646957,-79.40525,A,1.0,2015-01-18 19:02:14
Flaming Kitchen,Toronto,ON,43.776394,-79.41442,Karen,4.0,2018-06-20 05:09:42
Flaming Kitchen,Toronto,ON,43.776394,-79.41442,Arthur,4.0,2018-06-18 21:15:09
Flaming Kitchen,Toronto,ON,43.776394,-79.41442,Alison,2.0,2018-08-07 19:01:25
Flaming Kitchen,Toronto,ON,43.776394,-79.41442,Alison,3.0,2018-07-27 12:50:31
Flaming Kitchen,Toronto,ON,43.776394,-79.41442,Ann,4.0,2018-07-01 02:05:54
Flaming Kitchen,Toronto,ON,43.776394,-79.41442,Yune,4.0,2018-05-22 05:50:49
Flaming Kitchen,Toronto,ON,43.776394,-79.41442,Peggy,4.0,2018-08-11 20:21:18
Flaming Kitchen,Toronto,ON,43.776394,-79.41442,Harry,4.0,2018-05-30 03:43:40
Flaming Kitchen,Toronto,ON,43.776394,-79.41442,Hao,5.0,2018-09-02 19:21:25
Eggsmart,Toronto,ON,43.734875,-79.41955,Sam,4.0,2018-05-18 18:30:16
Eggsmart,Toronto,ON,43.734875,-79.41955,Bryan,3.0,2017-09-05 17:31:45
Eggsmart,Toronto,ON,43.734875,-79.41955,İl,1.0,2017-09-24 15:22:33
Eggsmart,Toronto,ON,43.734875,-79.41955,Emily,4.0,2016-12-05 00:19:00
Koi Koi Saké Bar,Toronto,ON,43.65493,-79.4006,Kay,2.0,2018-08-13 01:37:59
Koi Koi Saké Bar,Toronto,ON,43.65493,-79.4006,Lisa,5.0,2018-07-23 02:09:03
Koi Koi Saké Bar,Toronto,ON,43.65493,-79.4006,Fake,4.0,2018-08-23 02:24:51
Koi Koi Saké Bar,Toronto,ON,43.65493,-79.4006,Shuang,3.0,2018-09-02 02:12:50
Koi Koi Saké Bar,Toronto,ON,43.65493,-79.4006,Shar,3.0,2018-11-13 15:36:58
Koi Koi Saké Bar,Toronto,ON,43.65493,-79.4006,Emily,4.0,2018-08-14 15:52:38
Koi Koi Saké Bar,Toronto,ON,43.65493,-79.4006,Amanda,5.0,2018-09-05 00:12:46
Koi Koi Saké Bar,Toronto,ON,43.65493,-79.4006,Joyce,4.0,2018-07-21 23:12:41
Koi Koi Saké Bar,Toronto,ON,43.65493,-79.4006,Victor,3.0,2018-08-13 14:36:16
Koi Koi Saké Bar,Toronto,ON,43.65493,-79.4006,Sofi,5.0,2018-10-20 14:45:55
Koi Koi Saké Bar,Toronto,ON,43.65493,-79.4006,Kiet,5.0,2018-08-13 22:17:42
Koi Koi Saké Bar,Toronto,ON,43.65493,-79.4006,Saka,5.0,2018-08-20 23:01:41
Koi Koi Saké Bar,Toronto,ON,43.65493,-79.4006,Sabrina,4.0,2018-07-29 12:47:50
Koi Koi Saké Bar,Toronto,ON,43.65493,-79.4006,Alisha,4.0,2018-09-24 15:16:11
Koi Koi Saké Bar,Toronto,ON,43.65493,-79.4006,Danny,4.0,2018-10-05 16:52:28
Koi Koi Saké Bar,Toronto,ON,43.65493,-79.4006,Nance,3.0,2018-08-13 02:25:31
Koi Koi Saké Bar,Toronto,ON,43.65493,-79.4006,Sherry,5.0,2018-09-05 00:41:33
Koi Koi Saké Bar,Toronto,ON,43.65493,-79.4006,Crystal,3.0,2018-08-04 01:57:19
Koi Koi Saké Bar,Toronto,ON,43.65493,-79.4006,Iris,3.0,2018-09-29 17:24:52
Koi Koi Saké Bar,Toronto,ON,43.65493,-79.4006,Myles,4.0,2018-08-04 15:04:45
Koi Koi Saké Bar,Toronto,ON,43.65493,-79.4006,Jennie,4.0,2018-09-11 00:44:38
Koi Koi Saké Bar,Toronto,ON,43.65493,-79.4006,Amy,3.0,2018-09-27 01:26:31
Koi Koi Saké Bar,Toronto,ON,43.65493,-79.4006,Karen,2.0,2018-07-24 12:54:16
Koi Koi Saké Bar,Toronto,ON,43.65493,-79.4006,Lily,2.0,2018-08-02 18:47:27
Koi Koi Saké Bar,Toronto,ON,43.65493,-79.4006,Mitchell,5.0,2018-08-14 02:16:38
Extra Burger,Toronto,ON,43.64937,-79.42755,Liam,5.0,2018-05-09 00:49:39
Extra Burger,Toronto,ON,43.64937,-79.42755,Will,5.0,2018-03-03 18:26:43
Extra Burger,Toronto,ON,43.64937,-79.42755,Suzan,4.0,2018-11-03 15:06:07
Extra Burger,Toronto,ON,43.64937,-79.42755,Justin,5.0,2018-03-03 14:05:11
Extra Burger,Toronto,ON,43.64937,-79.42755,Owen,5.0,2018-07-20 01:00:49
Extra Burger,Toronto,ON,43.64937,-79.42755,Lettie,4.0,2018-07-07 14:07:41
Extra Burger,Toronto,ON,43.64937,-79.42755,Marc,5.0,2018-05-19 19:56:41
Extra Burger,Toronto,ON,43.64937,-79.42755,M,4.0,2018-10-18 03:07:32
Rajkapuri's Paan & Snacks,Toronto,ON,43.693413,-79.342384,Hafiz,1.0,2015-01-31 01:48:56
Rajkapuri's Paan & Snacks,Toronto,ON,43.693413,-79.342384,Raya,5.0,2017-05-13 04:03:02
Rajkapuri's Paan & Snacks,Toronto,ON,43.693413,-79.342384,Simi,4.0,2011-02-20 17:00:43
Rajkapuri's Paan & Snacks,Toronto,ON,43.693413,-79.342384,Devan,4.0,2010-11-05 01:09:41
Rajkapuri's Paan & Snacks,Toronto,ON,43.693413,-79.342384,Amber,5.0,2018-08-23 20:22:12
Papa Johns,Toronto,ON,43.681206,-79.47302,MZ,1.0,2018-10-09 01:56:08
Papa Johns,Toronto,ON,43.681206,-79.47302,Zoey,1.0,2018-01-08 00:26:45
Papa Johns,Toronto,ON,43.681206,-79.47302,Kristen,5.0,2018-01-02 15:38:35
Papa Johns,Toronto,ON,43.681206,-79.47302,Chris,1.0,2017-11-26 02:52:04
Papa Johns,Toronto,ON,43.681206,-79.47302,Talal,1.0,2018-06-22 02:06:21
Pastacceria,Toronto,ON,43.659927,-79.38866,Martin,1.0,2015-02-10 16:33:05
Pastacceria,Toronto,ON,43.659927,-79.38866,Stephan,1.0,2012-12-10 16:58:06
Pastacceria,Toronto,ON,43.659927,-79.38866,Kai-Yuan,1.0,2017-10-20 16:52:52
Good Times Shawarma,Toronto,ON,43.641224,-79.53866,Shannon,4.0,2018-11-10 03:03:41
Good Times Shawarma,Toronto,ON,43.641224,-79.53866,Rajan,4.0,2018-08-04 22:37:46
Good Times Shawarma,Toronto,ON,43.641224,-79.53866,Chalin,1.0,2018-05-24 21:53:08
Favourites Dining Room,Toronto,ON,43.71597,-79.60342,Cher,5.0,2017-04-15 23:46:06
Favourites Dining Room,Toronto,ON,43.71597,-79.60342,Wynne,3.0,2018-07-31 01:39:29
Favourites Dining Room,Toronto,ON,43.71597,-79.60342,Dawn,2.0,2018-02-18 05:27:09
Favourites Dining Room,Toronto,ON,43.71597,-79.60342,Teena,3.0,2011-11-17 23:42:24
12 Tables,Toronto,ON,43.723373,-79.416275,Jenn,4.0,2018-11-04 02:17:02
12 Tables,Toronto,ON,43.723373,-79.416275,Juliet,4.0,2017-08-17 00:13:22
12 Tables,Toronto,ON,43.723373,-79.416275,Brenda,4.0,2018-09-09 20:59:45
12 Tables,Toronto,ON,43.723373,-79.416275,Libby,3.0,2018-04-20 21:34:21
12 Tables,Toronto,ON,43.723373,-79.416275,Christie,5.0,2017-07-09 03:25:01
12 Tables,Toronto,ON,43.723373,-79.416275,Frank,5.0,2017-06-07 12:45:09
12 Tables,Toronto,ON,43.723373,-79.416275,Anna,4.0,2018-03-04 03:06:20
12 Tables,Toronto,ON,43.723373,-79.416275,Gail,5.0,2018-09-05 17:24:51
12 Tables,Toronto,ON,43.723373,-79.416275,Davida,5.0,2018-08-10 01:32:08
12 Tables,Toronto,ON,43.723373,-79.416275,Jenna,5.0,2018-08-10 01:37:45
12 Tables,Toronto,ON,43.723373,-79.416275,D,5.0,2018-08-10 01:44:04
Starving Artist,Toronto,ON,43.669827,-79.48301,Alvin,5.0,2018-11-11 16:30:16
Starving Artist,Toronto,ON,43.669827,-79.48301,Jon,3.0,2018-09-12 23:35:20
Starving Artist,Toronto,ON,43.669827,-79.48301,John,5.0,2018-10-26 21:27:58
Starving Artist,Toronto,ON,43.669827,-79.48301,Jess,4.0,2018-10-01 04:13:58
Siempre Restaurant,Toronto,ON,43.643166,-79.39281,Harvey,5.0,2018-08-07 16:25:26
Siempre Restaurant,Toronto,ON,43.643166,-79.39281,Nikita,5.0,2018-11-03 13:36:37
Siempre Restaurant,Toronto,ON,43.643166,-79.39281,Arman,5.0,2018-10-26 17:24:01
Siempre Restaurant,Toronto,ON,43.643166,-79.39281,Alexa,5.0,2018-10-21 14:51:07
Siempre Restaurant,Toronto,ON,43.643166,-79.39281,Dani,5.0,2018-10-28 20:18:33
Siempre Restaurant,Toronto,ON,43.643166,-79.39281,Prathna,5.0,2018-10-08 05:15:49
Siempre Restaurant,Toronto,ON,43.643166,-79.39281,Maura,5.0,2018-09-02 14:56:35
Siempre Restaurant,Toronto,ON,43.643166,-79.39281,John,1.0,2018-10-06 13:20:18
Siempre Restaurant,Toronto,ON,43.643166,-79.39281,Jess,3.0,2018-08-19 22:40:12
Siempre Restaurant,Toronto,ON,43.643166,-79.39281,Stanislau,1.0,2018-11-04 15:35:01
Siempre Restaurant,Toronto,ON,43.643166,-79.39281,Eva,5.0,2018-07-29 17:46:49
Taste & Spicy,Toronto,ON,43.827744,-79.287704,Vincent,4.0,2018-04-06 12:45:46
Taste & Spicy,Toronto,ON,43.827744,-79.287704,Shaheed,4.0,2017-08-14 19:40:12
Taste & Spicy,Toronto,ON,43.827744,-79.287704,Sam,3.0,2017-03-20 01:11:20
Taste & Spicy,Toronto,ON,43.827744,-79.287704,Annoj,5.0,2017-12-04 11:18:35
Taste & Spicy,Toronto,ON,43.827744,-79.287704,John,5.0,2018-03-13 00:34:43
Taste & Spicy,Toronto,ON,43.827744,-79.287704,Aaron,5.0,2017-05-24 17:30:57
Sotto In the Village,Toronto,ON,43.688988,-79.41267,Adam,4.0,2010-03-07 03:24:59
Sotto In the Village,Toronto,ON,43.688988,-79.41267,Jonathan,3.0,2011-01-20 22:44:46
Sotto In the Village,Toronto,ON,43.688988,-79.41267,Bradley,2.0,2013-02-07 03:48:21
Sotto In the Village,Toronto,ON,43.688988,-79.41267,Jeff,1.0,2011-01-11 14:43:30
La Paella,Toronto,ON,43.662468,-79.33425,Eileen,5.0,2018-07-29 00:11:34
La Paella,Toronto,ON,43.662468,-79.33425,James,2.0,2018-09-09 16:35:08
La Paella,Toronto,ON,43.662468,-79.33425,Gokul,5.0,2018-10-21 03:53:15
La Paella,Toronto,ON,43.662468,-79.33425,Melody,5.0,2018-09-14 14:45:48
La Paella,Toronto,ON,43.662468,-79.33425,Melody,5.0,2018-07-30 17:08:45
La Paella,Toronto,ON,43.662468,-79.33425,J,3.0,2018-04-18 22:53:20
La Paella,Toronto,ON,43.662468,-79.33425,Amy,5.0,2018-05-04 03:53:57
La Paella,Toronto,ON,43.662468,-79.33425,Victor,5.0,2018-07-21 11:53:23
La Paella,Toronto,ON,43.662468,-79.33425,TW,5.0,2018-10-17 00:31:00
La Paella,Toronto,ON,43.662468,-79.33425,Eric,5.0,2018-03-07 05:32:05
La Paella,Toronto,ON,43.662468,-79.33425,Candice,5.0,2018-06-20 01:11:20
La Paella,Toronto,ON,43.662468,-79.33425,J.,2.0,2018-08-14 20:05:27
La Paella,Toronto,ON,43.662468,-79.33425,Jennifer,5.0,2018-07-15 21:51:03
32 Chicken St.,Toronto,ON,43.65637,-79.40651,Edward,4.0,2018-09-17 23:47:39
32 Chicken St.,Toronto,ON,43.65637,-79.40651,Marco,5.0,2018-07-29 13:00:57
32 Chicken St.,Toronto,ON,43.65637,-79.40651,Kaivon,5.0,2018-08-20 23:55:35
32 Chicken St.,Toronto,ON,43.65637,-79.40651,Sheila,5.0,2018-10-25 13:27:45
32 Chicken St.,Toronto,ON,43.65637,-79.40651,Mira,5.0,2018-09-19 22:41:19
32 Chicken St.,Toronto,ON,43.65637,-79.40651,Chris,4.0,2018-10-25 03:03:15
32 Chicken St.,Toronto,ON,43.65637,-79.40651,Kyle,5.0,2018-08-24 18:32:09
32 Chicken St.,Toronto,ON,43.65637,-79.40651,Matthew,4.0,2018-07-24 23:56:07
32 Chicken St.,Toronto,ON,43.65637,-79.40651,Inspector,5.0,2018-09-29 01:16:46
Sandwich Board the Tsb2000,Toronto,ON,43.650246,-79.376564,Kyle,3.0,2013-05-01 02:44:24
Sandwich Board the Tsb2000,Toronto,ON,43.650246,-79.376564,Lora,1.0,2015-12-15 19:06:19
Sandwich Board the Tsb2000,Toronto,ON,43.650246,-79.376564,Iris,2.0,2015-11-29 19:52:59
Organic Oven Bakery and Cafe,Toronto,ON,43.727634,-79.40273,Selene,4.0,2011-12-13 23:16:03
Organic Oven Bakery and Cafe,Toronto,ON,43.727634,-79.40273,Sara,3.0,2012-02-11 18:26:29
Organic Oven Bakery and Cafe,Toronto,ON,43.727634,-79.40273,Jen,3.0,2011-05-13 00:55:24
Organic Oven Bakery and Cafe,Toronto,ON,43.727634,-79.40273,Sara K.,3.0,2012-04-20 06:19:21
Organic Oven Bakery and Cafe,Toronto,ON,43.727634,-79.40273,Giselle,3.0,2010-10-28 16:50:37
Organic Oven Bakery and Cafe,Toronto,ON,43.727634,-79.40273,Zoe,3.0,2011-10-17 03:57:33
Organic Oven Bakery and Cafe,Toronto,ON,43.727634,-79.40273,Stu,5.0,2013-07-06 01:14:11
Yaso Sushi,Toronto,ON,43.73161,-79.41898,Cindy,4.0,2015-10-05 01:19:16
Yaso Sushi,Toronto,ON,43.73161,-79.41898,Susu,5.0,2015-09-01 00:41:08
Yaso Sushi,Toronto,ON,43.73161,-79.41898,Daniel,1.0,2015-12-12 23:44:31
Casa Di Giorgio,Toronto,ON,43.70193,-79.38758,Karen,4.0,2010-06-04 09:36:04
Casa Di Giorgio,Toronto,ON,43.70193,-79.38758,Ktimene,4.0,2009-08-09 23:38:39
Casa Di Giorgio,Toronto,ON,43.70193,-79.38758,Shari,2.0,2009-11-10 00:42:45
Soulas Modern Greek Cuisine,Toronto,ON,43.678253,-79.348816,Navid,5.0,2018-09-14 22:58:47
Soulas Modern Greek Cuisine,Toronto,ON,43.678253,-79.348816,Helen,4.0,2018-11-13 02:34:02
Soulas Modern Greek Cuisine,Toronto,ON,43.678253,-79.348816,Frank,5.0,2018-10-31 14:47:36
Toronto Big Bowl,Toronto,ON,43.655823,-79.39373,Julie,1.0,2018-10-12 06:39:01
Toronto Big Bowl,Toronto,ON,43.655823,-79.39373,Oliver,5.0,2018-09-28 13:37:22
Toronto Big Bowl,Toronto,ON,43.655823,-79.39373,Jiayi,1.0,2018-11-09 19:15:43
Mary Browns,Toronto,ON,43.73664,-79.24863,Lillian,1.0,2018-10-30 20:08:36
Mary Browns,Toronto,ON,43.73664,-79.24863,Toxic,5.0,2018-11-11 23:54:52
Mary Browns,Toronto,ON,43.73664,-79.24863,Alex,4.0,2018-10-20 03:56:29
Mary Browns,Toronto,ON,43.73664,-79.24863,Hugh,4.0,2018-11-04 23:27:08
Sido Shawarma,Toronto,ON,43.64829,-79.39523,Four,5.0,2013-01-03 04:58:27
Sido Shawarma,Toronto,ON,43.64829,-79.39523,Canchi,1.0,2013-08-20 20:08:18
Sido Shawarma,Toronto,ON,43.64829,-79.39523,Bob,5.0,2012-11-23 20:23:19
Druxy's Famous Deli,Toronto,ON,43.63718,-79.42458,Heather,2.0,2017-06-26 19:12:29
Druxy's Famous Deli,Toronto,ON,43.63718,-79.42458,Theo,1.0,2012-05-28 12:57:40
Druxy's Famous Deli,Toronto,ON,43.63718,-79.42458,Jayson,4.0,2012-08-31 19:09:13
Druxy's Famous Deli,Toronto,ON,43.63718,-79.42458,Chris,4.0,2013-07-19 20:03:22
Druxy's Famous Deli,Toronto,ON,43.63718,-79.42458,Ciara,2.0,2016-03-14 18:06:08
Pizzaville,Toronto,ON,43.669678,-79.301094,Jamillah,4.0,2017-02-04 23:00:27
Pizzaville,Toronto,ON,43.669678,-79.301094,Hazel,1.0,2017-06-21 22:34:12
Pizzaville,Toronto,ON,43.669678,-79.301094,Emily,3.0,2017-05-19 00:14:55
Pizzaville,Toronto,ON,43.669678,-79.301094,Paolo,1.0,2018-06-13 03:20:18
Mucho Burrito,Toronto,ON,43.72958,-79.283,Colanie,2.0,2016-10-02 18:31:36
Mucho Burrito,Toronto,ON,43.72958,-79.283,Bharagav,5.0,2018-02-18 18:45:31
Mucho Burrito,Toronto,ON,43.72958,-79.283,Sammie,4.0,2016-11-28 15:54:39
Pull'd,Toronto,ON,43.63235,-79.42128,Tony,2.0,2013-08-25 14:53:42
Pull'd,Toronto,ON,43.63235,-79.42128,Eddie,1.0,2013-08-27 03:12:09
Pull'd,Toronto,ON,43.63235,-79.42128,Ryan,5.0,2014-09-03 01:57:44
Chilango Taco,Toronto,ON,43.751244,-79.552,Nique,4.0,2018-08-27 15:18:43
Chilango Taco,Toronto,ON,43.751244,-79.552,Andrew,4.0,2018-09-24 19:39:42
Chilango Taco,Toronto,ON,43.751244,-79.552,David,5.0,2018-06-04 19:54:07
No. #1 jerk,Toronto,ON,43.72197,-79.235664,Jonathan,5.0,2016-07-07 22:46:05
No. #1 jerk,Toronto,ON,43.72197,-79.235664,Ernest,1.0,2017-08-30 18:19:08
No. #1 jerk,Toronto,ON,43.72197,-79.235664,Phan,5.0,2015-10-22 13:45:16
No. #1 jerk,Toronto,ON,43.72197,-79.235664,Colin,5.0,2018-01-15 23:40:07
No. #1 jerk,Toronto,ON,43.72197,-79.235664,Dan,4.0,2018-10-10 15:21:32
No. #1 jerk,Toronto,ON,43.72197,-79.235664,Jimmy,5.0,2015-06-20 00:49:03
No. #1 jerk,Toronto,ON,43.72197,-79.235664,Nusrad,1.0,2017-05-07 23:29:23
No. #1 jerk,Toronto,ON,43.72197,-79.235664,Jon,3.0,2018-07-07 18:15:34
No. #1 jerk,Toronto,ON,43.72197,-79.235664,Hunter,4.0,2017-07-24 17:52:46
Cafe Landwer,Toronto,ON,43.648743,-79.38516,Precilla,3.0,2018-11-01 14:52:33
Cafe Landwer,Toronto,ON,43.648743,-79.38516,Gladys,4.0,2018-10-02 02:23:57
Cafe Landwer,Toronto,ON,43.648743,-79.38516,Anthony,5.0,2018-09-29 02:40:10
Cafe Landwer,Toronto,ON,43.648743,-79.38516,Tara,4.0,2018-10-02 20:13:07
Cafe Landwer,Toronto,ON,43.648743,-79.38516,Amelia,4.0,2018-08-20 15:00:10
Cafe Landwer,Toronto,ON,43.648743,-79.38516,Bess,4.0,2018-10-21 13:48:52
Cafe Landwer,Toronto,ON,43.648743,-79.38516,Camila,5.0,2018-10-08 18:41:48
Cafe Landwer,Toronto,ON,43.648743,-79.38516,Michael,5.0,2018-09-23 02:46:28
Cafe Landwer,Toronto,ON,43.648743,-79.38516,Han,5.0,2018-11-11 16:19:25
Cafe Landwer,Toronto,ON,43.648743,-79.38516,Sam,5.0,2018-09-05 21:45:39
Cafe Landwer,Toronto,ON,43.648743,-79.38516,Christina,3.0,2018-11-09 00:51:07
Cafe Landwer,Toronto,ON,43.648743,-79.38516,Heather,4.0,2018-09-11 16:34:10
Cafe Landwer,Toronto,ON,43.648743,-79.38516,Jackie,5.0,2018-10-18 03:23:56
Cafe Landwer,Toronto,ON,43.648743,-79.38516,Chloe,4.0,2018-09-28 13:51:42
Cafe Landwer,Toronto,ON,43.648743,-79.38516,Brenda,5.0,2018-10-08 13:18:05
Cafe Landwer,Toronto,ON,43.648743,-79.38516,Katie,5.0,2018-10-29 02:47:03
Cafe Landwer,Toronto,ON,43.648743,-79.38516,Gokul,5.0,2018-10-26 20:02:30
Cafe Landwer,Toronto,ON,43.648743,-79.38516,Amy,3.0,2018-09-21 22:43:36
Cafe Landwer,Toronto,ON,43.648743,-79.38516,Jonathan,4.0,2018-11-10 02:32:42
Cafe Landwer,Toronto,ON,43.648743,-79.38516,Eunice,3.0,2018-10-22 17:30:54
Cafe Landwer,Toronto,ON,43.648743,-79.38516,Derek,5.0,2018-09-08 05:22:17
Cafe Landwer,Toronto,ON,43.648743,-79.38516,X,5.0,2018-08-18 23:06:28
Cafe Landwer,Toronto,ON,43.648743,-79.38516,Alexus,3.0,2018-08-26 00:00:22
Cafe Landwer,Toronto,ON,43.648743,-79.38516,M,5.0,2018-10-09 16:23:53
Cafe Landwer,Toronto,ON,43.648743,-79.38516,Ritu,5.0,2018-10-28 19:04:56
Cafe Landwer,Toronto,ON,43.648743,-79.38516,Ash,1.0,2018-09-17 21:52:46
Cafe Landwer,Toronto,ON,43.648743,-79.38516,Daniel,4.0,2018-10-21 04:15:42
Cafe Landwer,Toronto,ON,43.648743,-79.38516,Salim,5.0,2018-10-09 18:09:54
Cafe Landwer,Toronto,ON,43.648743,-79.38516,Dan,1.0,2018-09-15 16:09:56
Cafe Landwer,Toronto,ON,43.648743,-79.38516,David,5.0,2018-09-22 12:58:25
Cafe Landwer,Toronto,ON,43.648743,-79.38516,Liv,4.0,2018-10-25 00:29:44
Cafe Landwer,Toronto,ON,43.648743,-79.38516,Gil,5.0,2018-08-30 20:55:21
Cafe Landwer,Toronto,ON,43.648743,-79.38516,Nupur,4.0,2018-10-14 05:52:00
Cafe Landwer,Toronto,ON,43.648743,-79.38516,Jennifer,4.0,2018-11-13 15:24:31
Cafe Landwer,Toronto,ON,43.648743,-79.38516,Sel,5.0,2018-10-03 23:15:01
Cafe Landwer,Toronto,ON,43.648743,-79.38516,Sharon,2.0,2018-11-14 06:04:47
Cafe Landwer,Toronto,ON,43.648743,-79.38516,Jo-Anne,5.0,2018-10-31 19:51:03
Cafe Landwer,Toronto,ON,43.648743,-79.38516,Layne,3.0,2018-09-07 22:48:42
Cafe Landwer,Toronto,ON,43.648743,-79.38516,Max,5.0,2018-08-26 04:09:38
Cafe Landwer,Toronto,ON,43.648743,-79.38516,Eden,5.0,2018-08-30 18:20:20
Cafe Landwer,Toronto,ON,43.648743,-79.38516,Alina,4.0,2018-09-16 18:02:10
Cafe Landwer,Toronto,ON,43.648743,-79.38516,Denise,4.0,2018-10-04 00:32:39
Cafe Landwer,Toronto,ON,43.648743,-79.38516,Mabel,4.0,2018-08-12 14:49:32
Cafe Landwer,Toronto,ON,43.648743,-79.38516,Dan,5.0,2018-09-13 20:42:07
Cafe Landwer,Toronto,ON,43.648743,-79.38516,Mugendd,3.0,2018-10-06 02:30:24
Cafe Landwer,Toronto,ON,43.648743,-79.38516,S,5.0,2018-09-02 03:14:56
Cafe Landwer,Toronto,ON,43.648743,-79.38516,Rosey,4.0,2018-10-25 00:59:04
Cafe Landwer,Toronto,ON,43.648743,-79.38516,Tushar,5.0,2018-09-22 15:46:48
Pacific Wok And Grill,Toronto,ON,43.80978,-79.26944,Vincent,1.0,2017-12-19 20:01:25
Pacific Wok And Grill,Toronto,ON,43.80978,-79.26944,Simon,1.0,2017-05-16 11:30:44
Pacific Wok And Grill,Toronto,ON,43.80978,-79.26944,Alvin,1.0,2015-09-27 23:15:34
Greek Gyro Grill,Toronto,ON,43.70761,-79.30231,V,4.0,2016-01-05 21:58:26
Greek Gyro Grill,Toronto,ON,43.70761,-79.30231,Agetha,4.0,2016-01-17 18:18:42
Greek Gyro Grill,Toronto,ON,43.70761,-79.30231,Thom,1.0,2016-05-26 01:40:42
thairoomgrand,Toronto,ON,43.75422,-79.35141,K,3.0,2018-10-20 21:59:35
thairoomgrand,Toronto,ON,43.75422,-79.35141,Amy,5.0,2018-11-03 00:45:28
thairoomgrand,Toronto,ON,43.75422,-79.35141,Harish,5.0,2018-10-09 02:47:37
thairoomgrand,Toronto,ON,43.75422,-79.35141,Jose,5.0,2018-10-19 21:41:08
thairoomgrand,Toronto,ON,43.75422,-79.35141,Mark,5.0,2018-10-01 15:00:28
thairoomgrand,Toronto,ON,43.75422,-79.35141,Rhea,5.0,2018-11-04 10:54:04
thairoomgrand,Toronto,ON,43.75422,-79.35141,Carmelo,3.0,2018-10-19 22:33:04
Mean Bao,Toronto,ON,43.653816,-79.4515,Jenny,4.0,2018-04-28 20:58:05
Mean Bao,Toronto,ON,43.653816,-79.4515,Bernie,4.0,2018-06-04 15:03:11
Mean Bao,Toronto,ON,43.653816,-79.4515,Tim,5.0,2018-05-14 19:09:16
Mean Bao,Toronto,ON,43.653816,-79.4515,Sharon,3.0,2018-10-07 01:53:40
Mean Bao,Toronto,ON,43.653816,-79.4515,Dan,4.0,2018-03-28 00:51:25
Mean Bao,Toronto,ON,43.653816,-79.4515,Jess,5.0,2018-05-20 23:51:41
Mean Bao,Toronto,ON,43.653816,-79.4515,Heather,3.0,2018-07-15 21:42:09
Fat Bastard Burrito Co,Toronto,ON,43.644382,-79.40108,Jeffrey,1.0,2018-06-22 21:09:00
Fat Bastard Burrito Co,Toronto,ON,43.644382,-79.40108,Daniel,2.0,2018-03-12 23:59:42
Fat Bastard Burrito Co,Toronto,ON,43.644382,-79.40108,Kevin,1.0,2018-05-27 02:59:03
Fat Bastard Burrito Co,Toronto,ON,43.644382,-79.40108,Pema,1.0,2018-04-09 18:16:44
Piazza Manna,Toronto,ON,43.641083,-79.37872,Clement,1.0,2018-03-29 01:37:51
Piazza Manna,Toronto,ON,43.641083,-79.37872,Christine,4.0,2009-08-20 22:55:42
Piazza Manna,Toronto,ON,43.641083,-79.37872,Jason,1.0,2010-10-27 04:19:37
Piazza Manna,Toronto,ON,43.641083,-79.37872,Karl,1.0,2012-07-18 01:41:03
Butterchick,Toronto,ON,43.76251,-79.41053,Allan,2.0,2018-07-01 00:36:03
Butterchick,Toronto,ON,43.76251,-79.41053,Douglas,5.0,2018-09-18 22:05:32
Butterchick,Toronto,ON,43.76251,-79.41053,Samantha,2.0,2018-10-16 17:09:54
Butterchick,Toronto,ON,43.76251,-79.41053,D,5.0,2018-06-14 20:18:50
Butterchick,Toronto,ON,43.76251,-79.41053,Daniel,2.0,2018-05-14 23:53:00
Gdous Juicy Chicken House,Toronto,ON,43.651203,-79.396805,M,1.0,2018-10-02 17:34:42
Gdous Juicy Chicken House,Toronto,ON,43.651203,-79.396805,Martino,1.0,2018-07-31 02:46:43
Gdous Juicy Chicken House,Toronto,ON,43.651203,-79.396805,Martino,1.0,2018-08-29 19:25:57
Gdous Juicy Chicken House,Toronto,ON,43.651203,-79.396805,Jian,5.0,2018-09-26 17:37:26
Shawarma Station,Toronto,ON,43.65565,-79.455605,Mike,1.0,2012-06-21 14:31:44
Shawarma Station,Toronto,ON,43.65565,-79.455605,Gabrielle,3.0,2014-02-24 05:51:25
Shawarma Station,Toronto,ON,43.65565,-79.455605,Iain,4.0,2016-01-20 21:53:43
Shawarma Station,Toronto,ON,43.65565,-79.455605,Julie,5.0,2015-09-07 23:43:29
Mr. Souvlaki,Toronto,ON,43.651215,-79.383286,Viet,4.0,2017-07-13 18:45:53
Mr. Souvlaki,Toronto,ON,43.651215,-79.383286,Mike,5.0,2017-11-28 20:53:23
Mr. Souvlaki,Toronto,ON,43.651215,-79.383286,Sarah,4.0,2013-10-08 18:38:52
Mr. Souvlaki,Toronto,ON,43.651215,-79.383286,William,4.0,2018-06-16 19:35:27
Mr. Souvlaki,Toronto,ON,43.651215,-79.383286,T Money,4.0,2016-03-23 13:00:04
Mr. Souvlaki,Toronto,ON,43.651215,-79.383286,Ashley,5.0,2018-09-05 18:36:41
The Greek Spot,Toronto,ON,43.61957,-79.534546,A. Marie,4.0,2018-09-16 20:41:26
The Greek Spot,Toronto,ON,43.61957,-79.534546,Kathy,4.0,2018-09-21 00:29:02
The Greek Spot,Toronto,ON,43.61957,-79.534546,Veronica,5.0,2018-10-14 18:40:20
Greedy Duck,Toronto,ON,43.657684,-79.40236,Emma,4.0,2018-09-19 17:51:11
Greedy Duck,Toronto,ON,43.657684,-79.40236,Matthew,4.0,2018-07-23 22:23:26
Greedy Duck,Toronto,ON,43.657684,-79.40236,D.,5.0,2018-09-07 23:46:07
Burgers n' Fries Forever,Toronto,ON,43.648365,-79.42062,Arshile,4.0,2018-09-14 22:23:30
Burgers n' Fries Forever,Toronto,ON,43.648365,-79.42062,Joseph,5.0,2018-10-09 13:58:24
Burgers n' Fries Forever,Toronto,ON,43.648365,-79.42062,Andrew,2.0,2018-10-31 21:03:09
Burgers n' Fries Forever,Toronto,ON,43.648365,-79.42062,Alex,4.0,2018-10-24 19:44:19
Nacho Bar,Toronto,ON,43.678925,-79.34365,Jrdn,5.0,2018-11-04 22:34:31
Nacho Bar,Toronto,ON,43.678925,-79.34365,Shannon,3.0,2018-11-10 01:28:57
Nacho Bar,Toronto,ON,43.678925,-79.34365,Chris,5.0,2018-09-29 21:16:00
Nacho Bar,Toronto,ON,43.678925,-79.34365,Krystal,5.0,2018-10-01 20:35:25
Nacho Bar,Toronto,ON,43.678925,-79.34365,Elena,5.0,2018-10-13 19:25:59
Nacho Bar,Toronto,ON,43.678925,-79.34365,Jeff,5.0,2018-10-20 04:14:07
Mother Tongue,Toronto,ON,43.647366,-79.393295,Candice,5.0,2018-09-25 13:16:33
Mother Tongue,Toronto,ON,43.647366,-79.393295,Michelle,1.0,2018-11-13 03:23:03
Mother Tongue,Toronto,ON,43.647366,-79.393295,Jeremy,5.0,2018-11-04 04:14:56
Mother Tongue,Toronto,ON,43.647366,-79.393295,Caitlin,5.0,2018-09-17 20:27:56
Mother Tongue,Toronto,ON,43.647366,-79.393295,Crystal,3.0,2018-10-25 06:49:36
Mother Tongue,Toronto,ON,43.647366,-79.393295,Shirley,5.0,2018-09-12 23:27:05
Mother Tongue,Toronto,ON,43.647366,-79.393295,Walter,3.0,2018-10-14 18:42:10
Mother Tongue,Toronto,ON,43.647366,-79.393295,Sarah,4.0,2018-10-03 04:50:58
Mother Tongue,Toronto,ON,43.647366,-79.393295,Dan,5.0,2018-09-08 00:20:54
Mother Tongue,Toronto,ON,43.647366,-79.393295,David,3.0,2018-10-16 02:07:33
Mother Tongue,Toronto,ON,43.647366,-79.393295,Sam,5.0,2018-11-04 03:57:02
Mother Tongue,Toronto,ON,43.647366,-79.393295,Nicole,5.0,2018-10-13 02:20:28
Mother Tongue,Toronto,ON,43.647366,-79.393295,Marion,4.0,2018-09-22 14:42:24
Mother Tongue,Toronto,ON,43.647366,-79.393295,Rebecca,3.0,2018-09-24 16:21:16
Mother Tongue,Toronto,ON,43.647366,-79.393295,Tim,3.0,2018-10-23 00:47:05
Mother Tongue,Toronto,ON,43.647366,-79.393295,Nathalie,5.0,2018-10-04 02:41:04
Good Life House Restaurant,Toronto,ON,43.641262,-79.43455,Colleen,5.0,2011-08-30 20:41:08
Good Life House Restaurant,Toronto,ON,43.641262,-79.43455,Mike,1.0,2014-10-14 21:42:17
Good Life House Restaurant,Toronto,ON,43.641262,-79.43455,Angie,3.0,2014-01-21 19:21:05
Panino & Co,Toronto,ON,43.638184,-79.41776,Diana,2.0,2013-06-23 23:28:47
Panino & Co,Toronto,ON,43.638184,-79.41776,Matthew,5.0,2012-09-26 16:00:20
Panino & Co,Toronto,ON,43.638184,-79.41776,Sura,4.0,2013-01-16 23:02:13
Panino & Co,Toronto,ON,43.638184,-79.41776,Elvis,2.0,2012-12-17 18:01:38
Q1 Pho Famous,Toronto,ON,43.652954,-79.39914,Betty,4.0,2018-11-04 02:34:44
Q1 Pho Famous,Toronto,ON,43.652954,-79.39914,Melissa,4.0,2018-11-10 19:27:11
Q1 Pho Famous,Toronto,ON,43.652954,-79.39914,Tony,5.0,2018-11-01 01:33:05
Q1 Pho Famous,Toronto,ON,43.652954,-79.39914,Ping,5.0,2018-11-08 23:42:41
Q1 Pho Famous,Toronto,ON,43.652954,-79.39914,Jessica,5.0,2018-11-10 18:10:19
Q1 Pho Famous,Toronto,ON,43.652954,-79.39914,Colleen,4.0,2018-11-01 01:17:18
Q1 Pho Famous,Toronto,ON,43.652954,-79.39914,Tia,3.0,2018-11-07 12:33:00
Q1 Pho Famous,Toronto,ON,43.652954,-79.39914,Christina,4.0,2018-10-31 22:24:51
Q1 Pho Famous,Toronto,ON,43.652954,-79.39914,Song,4.0,2018-11-08 05:14:27
Magical Taste of China,Toronto,ON,43.6535,-79.39486,Erik,5.0,2018-11-10 20:06:59
Magical Taste of China,Toronto,ON,43.6535,-79.39486,Tony,5.0,2018-11-03 03:38:28
Magical Taste of China,Toronto,ON,43.6535,-79.39486,Jessie,5.0,2018-10-24 21:03:01
Magical Taste of China,Toronto,ON,43.6535,-79.39486,Jun,4.0,2018-10-28 19:27:58
The Rustic Social House,Toronto,ON,43.630047,-79.4766,Kris,3.0,2018-09-17 18:03:47
The Rustic Social House,Toronto,ON,43.630047,-79.4766,Stephen,4.0,2018-10-09 17:43:07
The Rustic Social House,Toronto,ON,43.630047,-79.4766,Mila,5.0,2018-09-22 16:56:43
Pilot Coffee Roasters,Toronto,ON,43.6467,-79.4197,Thanh,5.0,2018-09-18 18:24:04
Pilot Coffee Roasters,Toronto,ON,43.6467,-79.4197,Arshile,5.0,2018-09-14 18:00:06
Pilot Coffee Roasters,Toronto,ON,43.6467,-79.4197,Alex,5.0,2018-10-28 01:50:48
Pilot Coffee Roasters,Toronto,ON,43.6467,-79.4197,Oscar,5.0,2018-11-05 20:09:31
Pilot Coffee Roasters,Toronto,ON,43.6467,-79.4197,Evelyn,4.0,2018-10-11 20:14:53
Pilot Coffee Roasters,Toronto,ON,43.6467,-79.4197,Brandon,5.0,2018-10-09 13:42:53
Koha Pacific Kitchen,Toronto,ON,43.64591,-79.387825,Edwin,4.0,2018-04-14 17:03:33
Koha Pacific Kitchen,Toronto,ON,43.64591,-79.387825,Eric,5.0,2018-09-12 15:02:57
Koha Pacific Kitchen,Toronto,ON,43.64591,-79.387825,Bernadette,3.0,2018-09-21 23:06:02
Koha Pacific Kitchen,Toronto,ON,43.64591,-79.387825,Payal,4.0,2018-09-11 22:51:37
Koha Pacific Kitchen,Toronto,ON,43.64591,-79.387825,Tanveer,5.0,2018-10-09 19:31:19
Koha Pacific Kitchen,Toronto,ON,43.64591,-79.387825,Susan,4.0,2018-04-27 23:43:05
Little Tibet Restaurant,Toronto,ON,43.646305,-79.40888,Jimi,3.0,2008-11-29 02:46:34
Little Tibet Restaurant,Toronto,ON,43.646305,-79.40888,Jennifer,5.0,2011-02-03 17:51:04
Little Tibet Restaurant,Toronto,ON,43.646305,-79.40888,Xander,4.0,2009-07-29 13:02:22
Kensington Sushi Market,Toronto,ON,43.656036,-79.40239,Kayla,5.0,2018-02-21 18:13:12
Kensington Sushi Market,Toronto,ON,43.656036,-79.40239,Aaron,5.0,2018-07-30 21:55:12
Kensington Sushi Market,Toronto,ON,43.656036,-79.40239,Tori,5.0,2018-03-10 00:18:05
Kensington Sushi Market,Toronto,ON,43.656036,-79.40239,Ashley,5.0,2018-08-01 21:50:53
Kensington Sushi Market,Toronto,ON,43.656036,-79.40239,Regina,5.0,2018-03-30 02:43:45
Kensington Sushi Market,Toronto,ON,43.656036,-79.40239,Ashley,5.0,2018-09-04 22:40:19
Kensington Sushi Market,Toronto,ON,43.656036,-79.40239,Francesca,5.0,2018-02-02 00:26:51
Kensington Sushi Market,Toronto,ON,43.656036,-79.40239,Terence,1.0,2018-03-07 19:33:02
Kensington Sushi Market,Toronto,ON,43.656036,-79.40239,Imran,4.0,2018-05-31 15:37:32
Kensington Sushi Market,Toronto,ON,43.656036,-79.40239,Amanda,5.0,2018-10-06 23:16:06
Kensington Sushi Market,Toronto,ON,43.656036,-79.40239,Brandon,4.0,2018-01-27 00:15:47
Kensington Sushi Market,Toronto,ON,43.656036,-79.40239,Johnny,1.0,2018-10-01 13:56:55
